candidate_rank	Geneid	Chr	Start	End	Strand	Length	CLIP-35L33G.bam	RNA-control.bam	RNA-siLin28a.bam	RNA-siLuc.bam	RPF-siLin28a.bam	RPF-siLuc.bam	gene_name	gene_type	CPM_CLIP	CPM_RNA_control	CPM_RNA_siLin28a	CPM_RNA_siLuc	CPM_RPF_siLin28a	CPM_RPF_siLuc	CLIP_enrichment	RNA_log2FC	RPF_log2FC	TE_log2FC	library_size_normalized	pseudocount_cpm	is_protein_coding	is_non_histone	pass_rna_count_filter	pass_rpf_count_filter	pass_finite_metric_filter	pass_base_filter	CLIP_group	is_top20_clip	candidate_rule	symbol_keyword_category
1	ENSMUSG00000027900.16	chr3;chr3;chr3;chr3;chr3;chr3;chr3;chr3;chr3;chr3;chr3;chr3;chr3;chr3;chr3;chr3;chr3;chr3;chr3;chr3;chr3;chr3;chr3;chr3;chr3;chr3;chr3;chr3;chr3;chr3;chr3;chr3;chr3;chr3;chr3;chr3;chr3;chr3;chr3;chr3;chr3;chr3;chr3;chr3;chr3;chr3;chr3;chr3;chr3;chr3;chr3;chr3;chr3;chr3;chr3	106455114;106455143;106455147;106455180;106455186;106455188;106455193;106455193;106455197;106456222;106457815;106457815;106457815;106459472;106459472;106459472;106459472;106459472;106459472;106459472;106462480;106462480;106462480;106462480;106462480;106462480;106462483;106462483;106462483;106469065;106469065;106469065;106469065;106469065;106469065;106469065;106473361;106473361;106473361;106473361;106473361;106473361;106473361;106478009;106478009;106478009;106478009;106478927;106478927;106480289;106480289;106480289;106480891;106480891;106480891	106455236;106455236;106455236;106455236;106455236;106455236;106455236;106455236;106455236;106456301;106457991;106457991;106457991;106459596;106459596;106459596;106459596;106459596;106459596;106459596;106462624;106462624;106462624;106462624;106462624;106462624;106462576;106462608;106462624;106469132;106469132;106469132;106469132;106469132;106469132;106469132;106473500;106473500;106473500;106473571;106473730;106473500;106473500;106478101;106478164;106478186;106478186;106479009;106479009;106480381;106480381;106480381;106482161;106482161;106483206	+;+;+;+;+;+;+;+;+;+;+;+;+;+;+;+;+;+;+;+;+;+;+;+;+;+;+;+;+;+;+;+;+;+;+;+;+;+;+;+;+;+;+;+;+;+;+;+;+;+;+;+;+;+;+	3758	204	49	124	132	254	157	Dram2	protein_coding	14.965947	9.4215622	10.050023	13.540146	23.751277	12.140159	0.66202115	-0.42637607	0.96244415	1.3888202	True	0.1	True	True	True	True	True	True	5-20%	True	CLIP top20%; abs(RNA_log2FC)<=0.5; TE_log2FC>=0.75	other
2	ENSMUSG00000021072.13	chr12;chr12;chr12;chr12;chr12;chr12;chr12;chr12;chr12;chr12;chr12;chr12;chr12;chr12;chr12;chr12	70499869;70502786;70502812;70503355;70503355;70505553;70505553;70506615;70507119;70507253;70507253;70507253;70511174;70511174;70512752;70512752	70500094;70502901;70502901;70503400;70503400;70505681;70505681;70507164;70507164;70507350;70507354;70507354;70511240;70511240;70513027;70514814	+;+;+;+;+;+;+;+;+;+;+;+;+;+;+;+	3299	2619	167	491	495	624	370	Tmx1	protein_coding	192.13635	32.110222	39.79485	50.775548	58.349593	28.610567	2.5772906	-0.35076991	1.0256112	1.3763811	True	0.1	True	True	True	True	True	True	top 5%	True	CLIP top20%; abs(RNA_log2FC)<=0.5; TE_log2FC>=0.75	er_redox_chaperone_symbol
3	ENSMUSG00000001870.17	chr17;chr17;chr17;chr17;chr17;chr17;chr17;chr17;chr17;chr17;chr17;chr17;chr17;chr17;chr17;chr17;chr17;chr17;chr17;chr17;chr17;chr17;chr17;chr17;chr17;chr17;chr17;chr17;chr17;chr17;chr17;chr17;chr17;chr17;chr17;chr17;chr17;chr17;chr17;chr17;chr17;chr17;chr17;chr17;chr17;chr17;chr17;chr17;chr17;chr17;chr17;chr17;chr17;chr17;chr17;chr17;chr17;chr17;chr17;chr17;chr17;chr17;chr17;chr17;chr17;chr17;chr17;chr17;chr17;chr17;chr17;chr17;chr17;chr17;chr17;chr17;chr17;chr17;chr17;chr17;chr17;chr17;chr17;chr17;chr17;chr17;chr17;chr17;chr17;chr17;chr17;chr17;chr17;chr17;chr17;chr17;chr17;chr17;chr17;chr17;chr17;chr17;chr17;chr17;chr17;chr17;chr17;chr17;chr17;chr17;chr17;chr17;chr17;chr17;chr17;chr17;chr17;chr17;chr17;chr17;chr17;chr17;chr17;chr17;chr17;chr17;chr17;chr17;chr17;chr17;chr17;chr17;chr17;chr17;chr17;chr17;chr17;chr17;chr17;chr17;chr17;chr17;chr17;chr17;chr17;chr17;chr17;chr17;chr17;chr17;chr17;chr17;chr17;chr17;chr17;chr17;chr17;chr17;chr17;chr17;chr17;chr17;chr17;chr17	75312563;75312563;75312813;75313289;75314326;75314326;75314326;75314326;75315415;75354574;75372906;75372906;75458260;75458260;75485805;75485805;75485906;75486032;75486032;75532151;75532151;75532151;75532151;75532151;75533962;75533962;75533962;75533962;75533962;75550723;75555889;75555889;75555889;75555889;75555889;75559339;75559339;75559339;75559339;75559339;75573483;75573483;75573483;75573483;75573483;75580862;75580862;75580862;75580862;75580862;75583391;75583391;75583391;75583391;75583550;75585947;75585947;75585947;75585947;75585947;75589323;75589323;75589323;75589323;75589323;75589915;75589915;75589915;75589915;75589915;75596971;75597010;75597010;75597010;75597010;75597010;75598286;75598286;75598286;75598286;75598286;75598286;75599751;75599751;75599751;75599751;75599751;75599751;75603219;75603219;75603219;75603219;75603219;75617151;75617151;75617151;75617151;75617151;75617151;75619971;75619971;75619971;75619971;75619971;75621998;75621998;75621998;75621998;75621998;75621998;75627966;75627966;75627966;75627966;75627966;75634192;75634192;75634192;75634192;75634192;75655739;75655739;75655739;75655739;75655739;75659682;75659682;75659682;75659682;75666285;75666285;75666285;75666285;75667707;75667707;75667707;75667707;75669505;75669505;75669505;75669505;75670333;75670333;75670333;75670333;75671334;75671334;75671334;75671334;75691205;75692068;75692068;75692068;75692068;75696425;75696425;75696425;75696425;75696425;75697367;75697367;75697367;75697367;75697367	75313356;75313356;75313356;75313356;75314396;75314396;75314396;75314396;75315794;75354781;75373197;75373197;75458429;75458429;75486199;75486199;75486199;75486199;75486199;75532375;75532375;75532375;75532375;75532375;75534236;75534236;75534236;75534236;75534236;75550725;75555991;75555991;75555991;75555991;75555991;75559410;75559410;75559410;75559410;75559410;75573605;75573605;75573605;75573605;75573605;75581029;75581029;75581029;75581029;75581029;75583618;75583618;75583618;75583618;75583618;75585969;75585969;75585969;75585969;75585969;75589422;75589422;75589422;75589422;75589422;75590013;75590013;75590013;75590013;75590013;75597135;75597135;75597135;75597135;75597135;75597135;75598411;75598411;75598411;75598411;75598411;75598411;75601364;75599873;75599873;75599873;75599873;75599873;75603338;75603338;75603338;75603338;75603338;75617273;75617273;75617273;75617273;75617273;75617273;75620093;75620093;75620093;75620093;75620093;75622120;75622120;75622120;75622120;75622120;75622120;75628088;75628088;75628088;75628088;75628088;75634317;75634317;75634317;75634317;75634317;75655864;75655864;75655928;75655864;75655864;75659825;75659825;75659825;75659825;75666464;75666464;75666464;75666464;75667793;75667793;75667793;75667793;75669633;75669633;75669633;75669633;75670473;75670473;75670473;75670473;75671504;75671504;75671504;75671504;75692190;75692190;75692190;75692190;75692190;75696574;75696574;75696574;75696574;75696574;75699507;75698321;75698331;75698762;75698323	+;+;+;+;+;+;+;+;+;+;+;+;+;+;+;+;+;+;+;+;+;+;+;+;+;+;+;+;+;+;+;+;+;+;+;+;+;+;+;+;+;+;+;+;+;+;+;+;+;+;+;+;+;+;+;+;+;+;+;+;+;+;+;+;+;+;+;+;+;+;+;+;+;+;+;+;+;+;+;+;+;+;+;+;+;+;+;+;+;+;+;+;+;+;+;+;+;+;+;+;+;+;+;+;+;+;+;+;+;+;+;+;+;+;+;+;+;+;+;+;+;+;+;+;+;+;+;+;+;+;+;+;+;+;+;+;+;+;+;+;+;+;+;+;+;+;+;+;+;+;+;+;+;+;+;+;+;+;+;+;+;+;+;+	10691	224	38	116	77	221	87	Ltbp1	protein_coding	16.433197	7.3065176	9.4016346	7.8984185	20.665481	6.7273494	1.1584984	0.24846095	1.6047898	1.3563288	True	0.1	True	True	True	True	True	True	5-20%	True	CLIP top20%; abs(RNA_log2FC)<=0.5; TE_log2FC>=0.75	other
4	ENSMUSG00000016534.16	chrX;chrX;chrX;chrX;chrX;chrX;chrX;chrX;chrX;chrX;chrX;chrX;chrX;chrX;chrX;chrX;chrX;chrX;chrX;chrX;chrX;chrX;chrX;chrX;chrX;chrX;chrX;chrX;chrX;chrX;chrX;chrX;chrX;chrX	37490234;37493939;37508384;37513144;37513144;37513144;37514240;37514240;37514240;37518759;37519795;37519795;37519795;37520727;37520727;37520727;37520727;37524273;37524273;37524273;37524273;37529008;37529008;37529008;37529008;37530902;37530902;37530902;37530902;37541767;37545126;37545126;37545126;37545126	37491158;37494448;37510728;37513308;37513308;37513308;37514303;37514303;37514303;37519917;37519917;37519917;37519917;37520938;37520938;37520938;37520938;37524431;37524431;37524431;37524431;37529221;37529221;37529221;37529221;37532027;37531017;37531017;37531017;37544233;37545291;37545331;37545331;37545331	-;-;-;-;-;-;-;-;-;-;-;-;-;-;-;-;-;-;-;-;-;-;-;-;-;-;-;-;-;-;-;-;-;-	9552	3296	296	832	720	2657	1426	Lamp2	protein_coding	241.80275	56.913927	67.432414	73.855342	248.45331	110.26667	2.0850409	-0.13107424	1.1712508	1.302325	True	0.1	True	True	True	True	True	True	top 5%	True	CLIP top20%; abs(RNA_log2FC)<=0.5; TE_log2FC>=0.75	vesicle_secretory_symbol
5	ENSMUSG00000033808.17	chr2;chr2;chr2;chr2;chr2;chr2;chr2;chr2;chr2;chr2;chr2;chr2;chr2;chr2;chr2;chr2;chr2;chr2;chr2;chr2;chr2;chr2;chr2;chr2;chr2;chr2;chr2;chr2;chr2;chr2;chr2;chr2;chr2;chr2;chr2;chr2;chr2;chr2;chr2;chr2;chr2;chr2;chr2;chr2;chr2;chr2;chr2;chr2;chr2;chr2;chr2;chr2;chr2;chr2;chr2;chr2;chr2;chr2;chr2;chr2;chr2;chr2;chr2;chr2;chr2;chr2;chr2;chr2;chr2;chr2;chr2;chr2;chr2;chr2;chr2;chr2;chr2;chr2;chr2;chr2;chr2;chr2;chr2;chr2;chr2;chr2;chr2;chr2;chr2;chr2;chr2;chr2;chr2;chr2;chr2;chr2;chr2;chr2;chr2;chr2;chr2;chr2;chr2;chr2;chr2;chr2;chr2;chr2;chr2;chr2	120185793;120185793;120185797;120186454;120190015;120190015;120190015;120190015;120190520;120190520;120190520;120190520;120193360;120193360;120193360;120193360;120193775;120193843;120193843;120193843;120199725;120199725;120199725;120199725;120199725;120200924;120200924;120200924;120200924;120200924;120202005;120202005;120202005;120202005;120202005;120204392;120204392;120204969;120204969;120204969;120205900;120205900;120205900;120205900;120205900;120208374;120208374;120208374;120208374;120208374;120210072;120210072;120210072;120210072;120210072;120211248;120211248;120211248;120211248;120211248;120211271;120211785;120216255;120216255;120216255;120216255;120216255;120216255;120222662;120222662;120222662;120222662;120222662;120222662;120222662;120222796;120222796;120222796;120222796;120222796;120222796;120222796;120224843;120224843;120224843;120224843;120224843;120224843;120224843;120227843;120227843;120227843;120227843;120227843;120227843;120227843;120233191;120233191;120233191;120233191;120233191;120233191;120234386;120234386;120234386;120234386;120234386;120234386;120234386;120234553	120187019;120187019;120187019;120187019;120190045;120190045;120190045;120190045;120190575;120190572;120190575;120190575;120193421;120193421;120193421;120193421;120193916;120193916;120193916;120193916;120199828;120199828;120199828;120199828;120199828;120200982;120200982;120200982;120200982;120200982;120202113;120202113;120202113;120202113;120202113;120204460;120204460;120205040;120205040;120205040;120205993;120205993;120205993;120205993;120205993;120208473;120208473;120208473;120208473;120208473;120210255;120210255;120210255;120210255;120210255;120211309;120211309;120211309;120211309;120211309;120211309;120216372;120216372;120216372;120216372;120216372;120216372;120216372;120222706;120222706;120222706;120222706;120222706;120222706;120222706;120222849;120222849;120222849;120222849;120222849;120222849;120222849;120224956;120224956;120224956;120224956;120224956;120224956;120224956;120227928;120227928;120227928;120227928;120227928;120227928;120227928;120233251;120233251;120233251;120233251;120233251;120233251;120234562;120234441;120234559;120234558;120234576;120234570;120234550;120234594	-;-;-;-;-;-;-;-;-;-;-;-;-;-;-;-;-;-;-;-;-;-;-;-;-;-;-;-;-;-;-;-;-;-;-;-;-;-;-;-;-;-;-;-;-;-;-;-;-;-;-;-;-;-;-;-;-;-;-;-;-;-;-;-;-;-;-;-;-;-;-;-;-;-;-;-;-;-;-;-;-;-;-;-;-;-;-;-;-;-;-;-;-;-;-;-;-;-;-;-;-;-;-;-;-;-;-;-;-;-	7528	2160	168	497	513	1318	857	Tmem87a	protein_coding	158.46297	32.302499	40.281141	52.621931	123.24481	66.268258	2.2908789	-0.38472153	0.89413174	1.2788533	True	0.1	True	True	True	True	True	True	top 5%	True	CLIP top20%; abs(RNA_log2FC)<=0.5; TE_log2FC>=0.75	transmembrane_symbol
6	ENSMUSG00000021763.18	chr13;chr13;chr13;chr13;chr13;chr13;chr13;chr13;chr13;chr13;chr13;chr13;chr13;chr13;chr13;chr13;chr13;chr13;chr13	113429693;113453618;113454199;113459269;113464109;113478904;113479082;113483045;113483045;113488131;113488131;113488137;113502618;113502618;113502618;113504004;113504004;113505924;113515934	113429868;113453781;113457753;113459739;113464285;113479102;113479102;113483176;113483176;113488300;113488300;113488300;113502801;113502801;113502801;113507049;113505919;113507046;113516245	+;+;+;+;+;+;+;+;+;+;+;+;+;+;+;+;+;+;+	8586	212	54	131	122	173	101	Cspg4b	protein_coding	15.552847	10.382946	10.617363	12.514377	16.177051	7.8099114	0.57838084	-0.235119	1.0411059	1.2762249	True	0.1	True	True	True	True	True	True	5-20%	True	CLIP top20%; abs(RNA_log2FC)<=0.5; TE_log2FC>=0.75	other
7	ENSMUSG00000049488.15	chr4;chr4;chr4;chr4;chr4;chr4;chr4;chr4;chr4;chr4;chr4;chr4;chr4;chr4;chr4;chr4;chr4;chr4;chr4;chr4;chr4;chr4;chr4;chr4;chr4;chr4;chr4;chr4;chr4;chr4;chr4;chr4;chr4;chr4;chr4;chr4;chr4;chr4;chr4;chr4;chr4;chr4;chr4;chr4;chr4;chr4;chr4;chr4;chr4;chr4;chr4;chr4;chr4;chr4;chr4;chr4;chr4;chr4;chr4;chr4;chr4;chr4;chr4;chr4;chr4;chr4;chr4;chr4;chr4;chr4;chr4;chr4;chr4;chr4;chr4;chr4;chr4;chr4;chr4;chr4;chr4;chr4;chr4;chr4;chr4;chr4;chr4;chr4;chr4;chr4;chr4;chr4;chr4;chr4;chr4;chr4;chr4;chr4;chr4;chr4;chr4;chr4;chr4;chr4;chr4;chr4;chr4;chr4;chr4;chr4;chr4;chr4;chr4;chr4	12039355;12039363;12039645;12040635;12040635;12040635;12043465;12043465;12043465;12045795;12045795;12045795;12046003;12046003;12046003;12047198;12047198;12047198;12047810;12047810;12047810;12051388;12051388;12051388;12053447;12053447;12053447;12053675;12053675;12053675;12054746;12054746;12054746;12055031;12055031;12055031;12057316;12057316;12057316;12058521;12058521;12058521;12059788;12060052;12061755;12061755;12061755;12063035;12063035;12063035;12063035;12063674;12063674;12063674;12063674;12068463;12068868;12068868;12068868;12068868;12069414;12069414;12069414;12069414;12069414;12070237;12070237;12070237;12070237;12070237;12070449;12070449;12070449;12070449;12070449;12073894;12073894;12073894;12073894;12073894;12075455;12075455;12075455;12075455;12075455;12075623;12075623;12075623;12075623;12075623;12077336;12077336;12077336;12077336;12077336;12078588;12079875;12079875;12079875;12079875;12079875;12085912;12085912;12085912;12085912;12085912;12085912;12087715;12087715;12087715;12087715;12087715;12087715;12089286	12039892;12039892;12039892;12040777;12040777;12040777;12043567;12043567;12043567;12045899;12045899;12045899;12046119;12046119;12046119;12047314;12047314;12047314;12047890;12047890;12047890;12051528;12051528;12051528;12053586;12053586;12053586;12053774;12053774;12053774;12054832;12054832;12054832;12055129;12055129;12055129;12057414;12057414;12057414;12058577;12058577;12058577;12059895;12061860;12061860;12061860;12061860;12063158;12063158;12063158;12063158;12063830;12063830;12063830;12063830;12068933;12068933;12068933;12068933;12068933;12069491;12069491;12069491;12069491;12069491;12070345;12070345;12070345;12070345;12070345;12070603;12070603;12070603;12070603;12070603;12073956;12073956;12073956;12073956;12073956;12075529;12075525;12075529;12075525;12075529;12075692;12075692;12075692;12075692;12075692;12077435;12077435;12077435;12077435;12077435;12079968;12079968;12079968;12079968;12079968;12079968;12086000;12086000;12086000;12086000;12086000;12086000;12087932;12087927;12088007;12088001;12087938;12087957;12090020	-;-;-;-;-;-;-;-;-;-;-;-;-;-;-;-;-;-;-;-;-;-;-;-;-;-;-;-;-;-;-;-;-;-;-;-;-;-;-;-;-;-;-;-;-;-;-;-;-;-;-;-;-;-;-;-;-;-;-;-;-;-;-;-;-;-;-;-;-;-;-;-;-;-;-;-;-;-;-;-;-;-;-;-;-;-;-;-;-;-;-;-;-;-;-;-;-;-;-;-;-;-;-;-;-;-;-;-;-;-;-;-;-;-	7744	322	37	110	98	237	133	Tmem67	protein_coding	23.62272	7.1142409	8.9153431	10.052533	22.161624	10.284339	1.71735	-0.17138536	1.1001495	1.2715349	True	0.1	True	True	True	True	True	True	top 5%	True	CLIP top20%; abs(RNA_log2FC)<=0.5; TE_log2FC>=0.75	transmembrane_symbol
8	ENSMUSG00000036242.16	chr14;chr14;chr14;chr14;chr14;chr14;chr14;chr14;chr14;chr14;chr14;chr14;chr14;chr14;chr14;chr14;chr14;chr14	49913409;49919125;49920069;49920069;49926724;49926724;49966346;49988876;49988876;49988876;50005866;50005866;50007836;50007836;50010319;50010319;50020725;50020725	49919873;49919870;49920203;49920203;49926755;49926755;49966785;49989004;49989139;49989139;50006057;50006057;50008084;50008084;50011696;50011696;50020828;50020840	-;-;-;-;-;-;-;-;-;-;-;-;-;-;-;-;-;-	9271	620	77	243	271	1276	902	Armh4	protein_coding	45.484741	14.805312	19.694803	27.79833	119.31744	69.747922	1.6127244	-0.49505703	0.77372442	1.2687814	True	0.1	True	True	True	True	True	True	top 5%	True	CLIP top20%; abs(RNA_log2FC)<=0.5; TE_log2FC>=0.75	other
9	ENSMUSG00000021696.10	chr13;chr13;chr13;chr13;chr13;chr13;chr13;chr13;chr13;chr13;chr13;chr13;chr13;chr13;chr13;chr13	108350938;108350944;108393201;108393201;108403724;108403724;108407167;108407167;108408339;108408339;108410820;108410820;108416111;108416111;108419006;108419006	108351034;108351034;108393332;108393332;108403868;108403914;108407247;108407247;108408395;108408395;108410925;108410925;108416247;108416247;108420607;108422217	+;+;+;+;+;+;+;+;+;+;+;+;+;+;+;+	4013	324	34	106	106	162	103	Elovl7	protein_coding	23.769445	6.5374105	8.5911488	10.873148	15.148452	7.9645631	1.8464726	-0.33635862	0.91899451	1.2553531	True	0.1	True	True	True	True	True	True	top 5%	True	CLIP top20%; abs(RNA_log2FC)<=0.5; TE_log2FC>=0.75	lipid_membrane_metabolism_symbol
10	ENSMUSG00000078681.11	chr7;chr7;chr7;chr7;chr7;chr7;chr7;chr7;chr7;chr7;chr7;chr7;chr7;chr7;chr7;chr7;chr7;chr7;chr7;chr7;chr7;chr7;chr7;chr7;chr7;chr7;chr7;chr7;chr7;chr7;chr7;chr7;chr7;chr7;chr7;chr7;chr7;chr7;chr7;chr7;chr7;chr7;chr7;chr7;chr7;chr7	65340917;65342810;65343156;65343165;65343195;65343215;65343224;65343225;65343229;65343272;65343272;65343599;65343599;65343599;65343599;65343614;65343614;65344891;65344891;65344891;65344891;65344891;65344918;65344918;65344918;65344922;65347444;65347444;65347444;65347444;65347444;65347444;65347444;65347444;65347444;65348840;65348840;65348840;65348840;65348840;65348840;65351341;65351341;65351341;65351341;65351341	65341038;65343317;65343317;65343317;65343317;65343317;65343317;65343317;65343317;65343317;65343317;65343691;65343691;65343691;65343691;65343691;65343691;65344975;65345075;65345075;65345075;65345075;65345075;65345075;65345075;65345075;65347622;65347618;65347618;65347627;65347618;65347480;65347618;65347618;65347618;65348900;65348915;65348915;65348915;65348915;65348915;65351650;65351648;65351661;65351650;65351659	+;+;+;+;+;+;+;+;+;+;+;+;+;+;+;+;+;+;+;+;+;+;+;+;+;+;+;+;+;+;+;+;+;+;+;+;+;+;+;+;+;+;+;+;+;+	1489	498	139	330	340	1072	712	Tm2d3	protein_coding	36.534518	26.726472	26.746029	34.876134	100.24161	55.056009	0.44954626	-0.3816621	0.86332999	1.2449921	True	0.1	True	True	True	True	True	True	5-20%	True	CLIP top20%; abs(RNA_log2FC)<=0.5; TE_log2FC>=0.75	other
11	ENSMUSG00000020303.3	chr11;chr11;chr11;chr11;chr11;chr11;chr11;chr11;chr11;chr11;chr11;chr11;chr11;chr11	31307307;31307986;31315332;31315332;31315441;31317726;31317726;31317726;31317999;31318003;31318896;31319712;31319712;31320012	31310528;31310528;31315392;31315543;31315543;31318166;31319103;31317868;31318327;31318327;31319056;31319793;31320074;31320047	-;-;-;-;-;-;-;-;-;-;-;-;-;-	5175	1424	190	562	548	681	429	Stc2	protein_coding	104.46818	36.532588	45.549299	56.212122	63.679604	33.172792	1.5132444	-0.30285281	0.93875221	1.241605	True	0.1	True	True	True	True	True	True	top 5%	True	CLIP top20%; abs(RNA_log2FC)<=0.5; TE_log2FC>=0.75	other
12	ENSMUSG00000036499.10	chr10;chr10;chr10;chr10;chr10;chr10;chr10;chr10;chr10;chr10;chr10;chr10;chr10;chr10;chr10;chr10;chr10;chr10;chr10;chr10;chr10;chr10;chr10;chr10;chr10;chr10;chr10;chr10;chr10;chr10;chr10;chr10;chr10;chr10;chr10;chr10;chr10;chr10;chr10;chr10;chr10;chr10;chr10;chr10;chr10;chr10;chr10;chr10;chr10;chr10;chr10;chr10;chr10;chr10;chr10;chr10;chr10;chr10;chr10;chr10;chr10;chr10;chr10;chr10;chr10;chr10;chr10;chr10;chr10;chr10;chr10;chr10;chr10;chr10;chr10;chr10;chr10;chr10;chr10	95776512;95776553;95776570;95776612;95776619;95809848;95809848;95809848;95809848;95809848;95814023;95825424;95825424;95825424;95826117;95826117;95826117;95826117;95826262;95826262;95826262;95826262;95829092;95829286;95829286;95829286;95830747;95830747;95830747;95830747;95831431;95831431;95831431;95831431;95832799;95832799;95832799;95832799;95838749;95838749;95838749;95838749;95846637;95846637;95846637;95847947;95847947;95847947;95849168;95849168;95849168;95853868;95853868;95853868;95855693;95855693;95855693;95857469;95857469;95857469;95859759;95859759;95859759;95861894;95861894;95861894;95862419;95862419;95862419;95862914;95864255;95867373;95872442;95873276;95874555;95875385;95876114;95877302;95877944	95776834;95776834;95776834;95776834;95776834;95809940;95809940;95809940;95811363;95809940;95814148;95825551;95825551;95825551;95826171;95826171;95826171;95826171;95826327;95826327;95826327;95826327;95829325;95829325;95829325;95829325;95830860;95830860;95830860;95830860;95831552;95831552;95831552;95831552;95832954;95832954;95832954;95832954;95838815;95838865;95838865;95838865;95846975;95846975;95846975;95848096;95848096;95848096;95849287;95849287;95849287;95854071;95854071;95854071;95855893;95855893;95855893;95857582;95857582;95857582;95859914;95859914;95859914;95862033;95862033;95862033;95862749;95862488;95862488;95863015;95864449;95867555;95872627;95873407;95874740;95875623;95876234;95877400;95881380	+;+;+;+;+;+;+;+;+;+;+;+;+;+;+;+;+;+;+;+;+;+;+;+;+;+;+;+;+;+;+;+;+;+;+;+;+;+;+;+;+;+;+;+;+;+;+;+;+;+;+;+;+;+;+;+;+;+;+;+;+;+;+;+;+;+;+;+;+;+;+;+;+;+;+;+;+;+;+	9592	1098	137	451	431	192	119	Eea1	protein_coding	80.552009	26.341919	36.552907	44.210628	17.953721	9.2017768	1.6088836	-0.27372517	0.95671798	1.2304432	True	0.1	True	True	True	True	True	True	top 5%	True	CLIP top20%; abs(RNA_log2FC)<=0.5; TE_log2FC>=0.75	vesicle_secretory_symbol
13	ENSMUSG00000034473.15	chr16;chr16;chr16;chr16;chr16;chr16;chr16;chr16;chr16;chr16;chr16;chr16;chr16;chr16;chr16;chr16;chr16;chr16;chr16;chr16;chr16;chr16;chr16;chr16;chr16	35131501;35134434;35134434;35139174;35139174;35149868;35149868;35167969;35167969;35167969;35169201;35169201;35169201;35169280;35181043;35181415;35181931;35181931;35181931;35181931;35181931;35183845;35184194;35184194;35184194	35134657;35134657;35134657;35139239;35139239;35149983;35149983;35168163;35168163;35168163;35169364;35169364;35169364;35169364;35182129;35181751;35182129;35182129;35182131;35182131;35182129;35184185;35184217;35184222;35184288	-;-;-;-;-;-;-;-;-;-;-;-;-;-;-;-;-;-;-;-;-;-;-;-;-	5223	431	90	214	231	194	136	Sec22a	protein_coding	31.619231	17.30491	17.344395	23.695256	18.140739	10.516316	0.86586343	-0.4479104	0.7808809	1.2287913	True	0.1	True	True	True	True	True	True	5-20%	True	CLIP top20%; abs(RNA_log2FC)<=0.5; TE_log2FC>=0.75	vesicle_secretory_symbol
14	ENSMUSG00000031751.15	chr8;chr8;chr8;chr8;chr8;chr8;chr8;chr8;chr8;chr8;chr8;chr8;chr8;chr8;chr8;chr8;chr8;chr8;chr8;chr8;chr8;chr8;chr8	94698216;94699530;94699586;94700555;94700687;94700687;94701364;94701364;94702662;94706946;94709940;94711462;94711967;94714002;94714347;94725726;94725843;94726933;94726933;94731761;94731761;94738636;94738847	94699942;94699942;94699942;94700589;94700871;94700871;94701544;94701447;94702796;94707049;94710130;94711572;94712100;94714134;94714387;94725878;94725878;94727097;94727097;94731853;94731853;94738755;94739470	-;-;-;-;-;-;-;-;-;-;-;-;-;-;-;-;-;-;-;-;-;-;-	4132	424	44	234	208	199	116	Amfr	protein_coding	31.105694	8.4601783	18.965366	21.335988	18.608284	8.9697992	1.8660965	-0.16908065	1.0445347	1.2136153	True	0.1	True	True	True	True	True	True	top 5%	True	CLIP top20%; abs(RNA_log2FC)<=0.5; TE_log2FC>=0.75	other
15	ENSMUSG00000019838.12	chr10;chr10;chr10;chr10;chr10;chr10;chr10;chr10;chr10;chr10;chr10;chr10;chr10;chr10;chr10;chr10	39909528;39913295;39916595;39916595;39932483;39932483;39943624;39951387;39952560;39952560;39956659;39956659;40008898;40017699;40017699;40017699	39913400;39913400;39916823;39916823;39932626;39932626;39943655;39953013;39952601;39953013;39956803;39956803;40009647;40018254;40018251;40018250	-;-;-;-;-;-;-;-;-;-;-;-;-;-;-;-	7356	203	34	79	87	162	117	Slc16a10	protein_coding	14.892584	6.5374105	6.4028373	8.9241872	15.148452	9.0471251	1.1755567	-0.47272765	0.73727251	1.2100002	True	0.1	True	True	True	True	True	True	5-20%	True	CLIP top20%; abs(RNA_log2FC)<=0.5; TE_log2FC>=0.75	transporter_or_channel_symbol
16	ENSMUSG00000041920.15	chr11;chr11;chr11;chr11;chr11;chr11;chr11;chr11;chr11;chr11;chr11;chr11;chr11;chr11;chr11;chr11;chr11;chr11;chr11;chr11	109341681;109343552;109345689;109345689;109349303;109349303;109349324;109350625;109350625;109350625;109354136;109354136;109354136;109354136;109357102;109357523;109363350;109363764;109363764;109364074	109344220;109344220;109346504;109346504;109349431;109349431;109349431;109350768;109350768;109350768;109354374;109354374;109354374;109354374;109357185;109357627;109363514;109364025;109364120;109364424	-;-;-;-;-;-;-;-;-;-;-;-;-;-;-;-;-;-;-;-	4883	237	54	171	142	192	105	Slc16a6	protein_coding	17.386909	10.382946	13.859306	14.565915	17.953721	8.1192148	0.73823107	-0.07123982	1.1352237	1.2064635	True	0.1	True	True	True	True	True	True	5-20%	True	CLIP top20%; abs(RNA_log2FC)<=0.5; TE_log2FC>=0.75	transporter_or_channel_symbol
17	ENSMUSG00000038178.17	chr11;chr11;chr11;chr11;chr11;chr11;chr11;chr11;chr11;chr11;chr11;chr11;chr11;chr11;chr11;chr11;chr11;chr11;chr11;chr11;chr11;chr11;chr11;chr11;chr11;chr11;chr11;chr11;chr11;chr11;chr11;chr11;chr11;chr11;chr11;chr11;chr11;chr11;chr11;chr11;chr11;chr11;chr11;chr11;chr11;chr11;chr11;chr11;chr11;chr11;chr11;chr11;chr11;chr11;chr11;chr11;chr11;chr11;chr11;chr11;chr11;chr11;chr11;chr11;chr11;chr11;chr11;chr11;chr11;chr11;chr11;chr11;chr11;chr11;chr11;chr11;chr11;chr11	75422520;75422524;75422524;75422569;75422938;75422964;75423414;75423414;75423414;75423414;75423414;75423414;75428834;75433984;75433984;75433984;75433984;75433984;75433984;75433984;75435508;75435508;75435508;75435508;75435508;75435508;75436580;75436580;75436580;75436580;75436580;75436580;75451647;75451725;75451725;75451725;75453598;75453598;75453598;75453598;75453817;75453817;75453817;75453817;75454388;75454388;75454388;75454388;75456833;75457529;75457642;75457805;75457805;75457805;75457805;75457805;75457805;75459187;75459187;75459187;75459187;75459187;75459187;75459402;75461397;75461397;75461397;75461397;75461397;75462583;75462583;75462583;75462583;75462583;75463141;75463141;75463141;75463141	75422648;75422567;75422604;75423240;75423240;75423034;75423614;75423614;75423614;75423614;75423614;75423614;75428930;75434191;75434191;75434191;75434191;75434191;75434149;75434191;75435563;75435563;75435563;75435563;75435563;75435563;75436590;75436656;75436656;75436603;75436656;75436656;75451817;75451817;75451817;75451817;75453731;75453731;75453731;75453731;75454019;75454019;75454019;75454019;75454534;75454534;75454534;75454534;75457241;75457943;75457671;75457943;75457943;75457893;75457943;75457943;75457943;75459316;75459316;75459316;75459316;75459316;75459316;75461015;75461470;75461470;75461470;75461470;75461470;75462616;75462706;75462706;75462706;75462706;75463238;75468396;75468401;75464709	+;+;+;+;+;+;+;+;+;+;+;+;+;+;+;+;+;+;+;+;+;+;+;+;+;+;+;+;+;+;+;+;+;+;+;+;+;+;+;+;+;+;+;+;+;+;+;+;+;+;+;+;+;+;+;+;+;+;+;+;+;+;+;+;+;+;+;+;+;+;+;+;+;+;+;+;+;+	10042	518	123	159	171	264	189	Slc43a2	protein_coding	38.001767	23.650044	12.886723	17.540644	24.686366	14.614587	0.68192773	-0.44186575	0.75229977	1.1941655	True	0.1	True	True	True	True	True	True	5-20%	True	CLIP top20%; abs(RNA_log2FC)<=0.5; TE_log2FC>=0.75	transporter_or_channel_symbol
18	ENSMUSG00000036334.13	chr3;chr3;chr3;chr3;chr3;chr3;chr3;chr3;chr3;chr3;chr3;chr3;chr3;chr3;chr3;chr3;chr3;chr3;chr3;chr3;chr3;chr3;chr3;chr3	59224156;59225346;59225346;59232856;59232856;59232856;59235205;59235205;59235205;59243618;59243618;59243618;59247097;59247097;59247097;59247192;59248560;59248560;59248560;59248560;59251111;59251111;59251424;59251750	59227795;59227795;59227795;59233756;59233756;59233756;59239464;59239464;59239464;59244008;59244008;59244008;59247226;59247226;59247226;59247226;59248754;59248754;59248754;59248754;59251677;59251677;59251580;59251815	-;-;-;-;-;-;-;-;-;-;-;-;-;-;-;-;-;-;-;-;-;-;-;-	10150	349	41	140	111	262	142	Igsf10	protein_coding	25.603507	7.883348	11.3468	11.386032	24.499348	10.980271	1.6868994	-0.0049360873	1.1506269	1.155563	True	0.1	True	True	True	True	True	True	top 5%	True	CLIP top20%; abs(RNA_log2FC)<=0.5; TE_log2FC>=0.75	other
19	ENSMUSG00000066324.3	chr4;chr4;chr4;chr4;chr4	4762484;4769312;4776314;4778193;4792723	4767972;4769473;4776409;4778355;4793355	-;-;-;-;-	6543	5148	325	998	893	406	249	Bpnt2	protein_coding	377.67007	62.489954	80.886477	91.60114	37.964639	19.254138	2.5935054	-0.17925864	0.97580934	1.155068	True	0.1	True	True	True	True	True	True	top 5%	True	CLIP top20%; abs(RNA_log2FC)<=0.5; TE_log2FC>=0.75	other
20	ENSMUSG00000075470.3	chr15;chr15;chr15;chr15;chr15;chr15	90108514;90108552;90109860;90109860;90111527;90111676	90108811;90108811;90110057;90110057;90117674;90117674	+;+;+;+;+;+	6644	4437	515	990	962	292	195	Alg10b	protein_coding	325.50935	99.022542	80.238088	98.678943	27.304617	15.078542	1.715857	-0.2981194	0.85238579	1.1505052	True	0.1	True	True	True	True	True	True	top 5%	True	CLIP top20%; abs(RNA_log2FC)<=0.5; TE_log2FC>=0.75	other
21	ENSMUSG00000021687.15	chr13;chr13;chr13;chr13;chr13;chr13;chr13;chr13;chr13;chr13;chr13;chr13;chr13;chr13;chr13;chr13;chr13;chr13;chr13;chr13;chr13;chr13;chr13;chr13;chr13;chr13;chr13;chr13;chr13;chr13;chr13;chr13	94337818;94339882;94340255;94344644;94344644;94344644;94347085;94347085;94347085;94361403;94361403;94361403;94361531;94366222;94366222;94366222;94366222;94368580;94368580;94368580;94368580;94369590;94369590;94369590;94369590;94382946;94389501;94389501;94389501;94401481;94421728;94422074	94340671;94340671;94340671;94344761;94344761;94344761;94347186;94347186;94347186;94361562;94361562;94361562;94361562;94366350;94366350;94366350;94366350;94368688;94368688;94368688;94368688;94369688;94369688;94369688;94369688;94383066;94389578;94389578;94389578;94401654;94422337;94422365	-;-;-;-;-;-;-;-;-;-;-;-;-;-;-;-;-;-;-;-;-;-;-;-;-;-;-;-;-;-;-;-	4582	1629	167	377	371	526	359	Scamp1	protein_coding	119.50749	32.110222	30.555312	38.056017	49.185715	27.759982	1.8927172	-0.31577346	0.82297521	1.1387487	True	0.1	True	True	True	True	True	True	top 5%	True	CLIP top20%; abs(RNA_log2FC)<=0.5; TE_log2FC>=0.75	other
22	ENSMUSG00000045205.17	chr4;chr4;chr4;chr4;chr4;chr4;chr4;chr4;chr4;chr4;chr4;chr4;chr4;chr4;chr4;chr4;chr4;chr4;chr4;chr4;chr4;chr4;chr4;chr4;chr4;chr4;chr4;chr4;chr4;chr4;chr4;chr4;chr4;chr4;chr4;chr4;chr4;chr4;chr4;chr4;chr4;chr4;chr4;chr4;chr4;chr4;chr4;chr4;chr4;chr4;chr4;chr4;chr4;chr4;chr4;chr4;chr4;chr4;chr4;chr4;chr4;chr4;chr4;chr4;chr4;chr4;chr4;chr4;chr4	11261315;11261315;11267613;11267613;11273007;11273007;11276864;11276864;11276872;11277929;11277929;11277929;11279975;11281004;11281004;11281004;11285054;11285054;11285078;11287475;11287475;11287475;11287475;11289670;11289670;11289670;11289670;11290191;11290191;11290191;11290191;11290391;11290391;11292554;11292554;11292554;11292554;11295936;11295936;11295936;11295936;11303312;11303312;11303312;11303312;11303423;11303947;11303947;11303947;11303947;11304300;11304300;11304300;11304300;11309366;11309366;11309366;11309366;11317073;11317073;11317073;11317073;11317096;11319786;11321715;11322000;11322000;11322000;11322000	11265942;11265942;11267771;11267771;11273139;11273139;11276946;11276946;11276946;11277985;11277985;11277985;11281124;11281124;11281124;11281124;11285173;11285173;11285173;11287633;11287633;11287633;11287633;11289743;11289743;11289743;11289743;11290289;11290289;11290289;11290289;11290522;11290522;11292686;11292688;11292688;11292688;11296059;11296059;11296059;11296059;11303457;11303457;11303457;11303361;11303457;11304068;11304068;11304068;11304068;11304390;11304390;11304390;11304390;11309490;11309490;11309490;11309490;11317180;11317180;11317180;11317180;11317180;11319818;11322100;11322047;11322075;11322137;11322137	-;-;-;-;-;-;-;-;-;-;-;-;-;-;-;-;-;-;-;-;-;-;-;-;-;-;-;-;-;-;-;-;-;-;-;-;-;-;-;-;-;-;-;-;-;-;-;-;-;-;-;-;-;-;-;-;-;-;-;-;-;-;-;-;-;-;-;-;-	8101	962	102	293	260	377	232	Dpy19l4	protein_coding	70.574711	19.612232	23.747232	26.669985	35.252879	17.939598	1.842103	-0.16679448	0.97066049	1.137455	True	0.1	True	True	True	True	True	True	top 5%	True	CLIP top20%; abs(RNA_log2FC)<=0.5; TE_log2FC>=0.75	other
23	ENSMUSG00000023845.8	chr17;chr17;chr17;chr17;chr17;chr17;chr17;chr17;chr17;chr17;chr17;chr17;chr17;chr17;chr17;chr17;chr17;chr17;chr17;chr17;chr17;chr17;chr17;chr17;chr17;chr17;chr17;chr17;chr17;chr17;chr17;chr17;chr17;chr17;chr17;chr17;chr17;chr17;chr17;chr17;chr17;chr17;chr17;chr17;chr17;chr17;chr17;chr17;chr17;chr17;chr17;chr17;chr17;chr17;chr17;chr17;chr17;chr17;chr17;chr17;chr17;chr17;chr17;chr17;chr17;chr17;chr17;chr17;chr17;chr17;chr17	17741672;17747327;17749963;17750739;17750739;17751400;17751400;17757176;17757176;17758782;17758782;17765073;17765073;17766646;17766646;17772380;17772860;17773132;17773132;17773424;17773424;17773424;17773424;17783015;17783015;17783015;17783015;17786945;17786945;17786945;17786945;17788583;17788583;17788583;17788583;17788642;17790024;17791136;17791136;17791136;17791136;17791136;17791888;17791888;17791888;17791888;17791888;17791888;17794209;17794209;17794209;17794209;17794209;17794209;17795511;17795511;17795511;17795511;17795511;17795511;17795769;17798794;17798794;17798794;17798794;17799479;17829523;17844656;17844656;17844656;17844656	17750142;17747617;17750142;17750820;17750820;17751540;17751540;17757337;17757337;17758966;17758966;17765229;17765229;17766829;17766829;17773220;17773220;17773220;17773220;17773584;17773584;17773584;17773584;17783146;17783146;17783146;17783146;17787076;17787076;17787076;17787076;17788696;17788696;17788696;17788696;17788696;17791290;17791290;17791290;17791290;17791290;17791290;17792008;17792008;17792008;17792008;17792008;17792008;17794340;17794340;17794340;17794340;17794340;17794340;17795649;17795649;17795649;17795649;17795649;17795649;17795821;17799634;17799634;17798956;17799634;17799634;17829694;17845312;17844903;17844751;17845309	-;-;-;-;-;-;-;-;-;-;-;-;-;-;-;-;-;-;-;-;-;-;-;-;-;-;-;-;-;-;-;-;-;-;-;-;-;-;-;-;-;-;-;-;-;-;-;-;-;-;-;-;-;-;-;-;-;-;-;-;-;-;-;-;-;-;-;-;-;-;-	14144	8237	407	1044	800	1926	1034	Lnpep	protein_coding	604.28679	78.25665	84.614711	82.061491	180.09826	79.954934	2.9473445	0.044150156	1.1705229	1.1263727	True	0.1	True	True	True	True	True	True	top 5%	True	CLIP top20%; abs(RNA_log2FC)<=0.5; TE_log2FC>=0.75	other
24	ENSMUSG00000026469.15	chr1;chr1;chr1;chr1;chr1;chr1;chr1;chr1;chr1;chr1;chr1;chr1;chr1;chr1;chr1;chr1;chr1;chr1;chr1;chr1;chr1;chr1;chr1;chr1;chr1;chr1;chr1;chr1;chr1;chr1;chr1;chr1;chr1;chr1;chr1;chr1;chr1;chr1;chr1;chr1;chr1;chr1;chr1;chr1;chr1;chr1;chr1;chr1;chr1;chr1;chr1;chr1;chr1;chr1;chr1;chr1;chr1;chr1	155151447;155154728;155157929;155158414;155158959;155158959;155165036;155165941;155165941;155165941;155165941;155168855;155168855;155168855;155168855;155183368;155183368;155183368;155184697;155184697;155184697;155184697;155188505;155188505;155188505;155188917;155188917;155188917;155198518;155200060;155200060;155200060;155204345;155204345;155204345;155204345;155206084;155206084;155206084;155206084;155207909;155207909;155207909;155216039;155221299;155221299;155221299;155221299;155257338;155260357;155260357;155260357;155260357;155260357;155292912;155292912;155292912;155292912	155156816;155156816;155159180;155159180;155159180;155159180;155167773;155166077;155166077;155166077;155166077;155169021;155169021;155169021;155169021;155183562;155183562;155183562;155184868;155185388;155184868;155184868;155188684;155188684;155188684;155189107;155189107;155189107;155200141;155200141;155200141;155200141;155204428;155204428;155204428;155204428;155208132;155206233;155206233;155206233;155208132;155208132;155208132;155216143;155221400;155221400;155221400;155221400;155260166;155260408;155260408;155260408;155260408;155260408;155293141;155293161;155293153;155293075	-;-;-;-;-;-;-;-;-;-;-;-;-;-;-;-;-;-;-;-;-;-;-;-;-;-;-;-;-;-;-;-;-;-;-;-;-;-;-;-;-;-;-;-;-;-;-;-;-;-;-;-;-;-;-;-;-;-	17880	1563	234	779	668	337	202	Xpr1	protein_coding	114.66556	44.992767	63.136839	68.521345	31.512521	15.619823	1.3477219	-0.11789215	1.0079111	1.1258033	True	0.1	True	True	True	True	True	True	5-20%	True	CLIP top20%; abs(RNA_log2FC)<=0.5; TE_log2FC>=0.75	other
25	ENSMUSG00000073792.12	chr4;chr4;chr4;chr4;chr4;chr4;chr4;chr4;chr4;chr4;chr4;chr4;chr4;chr4;chr4;chr4;chr4;chr4;chr4;chr4;chr4;chr4;chr4;chr4;chr4;chr4;chr4;chr4;chr4;chr4;chr4;chr4;chr4;chr4;chr4;chr4;chr4;chr4;chr4;chr4;chr4;chr4;chr4;chr4;chr4;chr4;chr4;chr4;chr4;chr4;chr4;chr4;chr4;chr4;chr4	99603901;99603902;99603902;99603913;99603913;99603913;99607268;99607268;99607268;99607268;99607268;99607268;99607389;99615100;99615100;99615100;99615100;99615100;99615100;99615100;99626361;99626361;99626361;99627451;99627451;99627451;99629771;99629771;99630592;99630592;99631992;99631992;99632727;99632727;99632727;99634563;99634563;99634563;99634563;99636923;99636923;99636923;99636923;99638966;99638966;99638966;99638966;99641054;99641054;99641054;99641230;99641230;99641230;99650108;99650108	99603943;99603943;99603943;99603943;99603943;99603943;99607470;99607470;99607470;99607470;99607470;99607470;99607470;99615184;99615184;99615184;99615184;99615184;99618460;99615184;99626450;99626450;99626450;99627710;99627539;99627539;99629853;99629853;99630656;99630656;99632177;99632177;99632862;99632862;99632862;99634648;99634621;99634648;99634648;99637007;99637007;99637007;99637007;99639036;99639036;99639036;99641122;99641122;99641122;99641122;99641313;99641428;99641428;99651697;99650548	+;+;+;+;+;+;+;+;+;+;+;+;+;+;+;+;+;+;+;+;+;+;+;+;+;+;+;+;+;+;+;+;+;+;+;+;+;+;+;+;+;+;+;+;+;+;+;+;+;+;+;+;+;+;+	8544	540	139	305	328	624	472	Alg6	protein_coding	39.615742	26.726472	24.719815	33.645211	58.349593	36.497804	0.5660536	-0.44319043	0.6754359	1.1186263	True	0.1	True	True	True	True	True	True	5-20%	True	CLIP top20%; abs(RNA_log2FC)<=0.5; TE_log2FC>=0.75	other
26	ENSMUSG00000019818.16	chr10;chr10;chr10;chr10;chr10;chr10;chr10;chr10;chr10;chr10;chr10;chr10;chr10;chr10;chr10;chr10;chr10;chr10;chr10;chr10;chr10	41395410;41395497;41395888;41396040;41397914;41397914;41397914;41397914;41399169;41399169;41399169;41399169;41400103;41400103;41400103;41400103;41402823;41402823;41402823;41404668;41404668	41395696;41395696;41395946;41396380;41398003;41398003;41398003;41398003;41399240;41399240;41399240;41399240;41400141;41401268;41400141;41400141;41402872;41402879;41402879;41405042;41407044	+;+;+;+;+;+;+;+;+;+;+;+;+;+;+;+;+;+;+;+;+	4449	7342	782	1958	1779	4337	2806	Cd164	protein_coding	538.62737	150.36044	158.69311	182.48424	405.54837	216.97635	1.8401711	-0.20141396	0.90202714	1.1034411	True	0.1	True	True	True	True	True	True	top 5%	True	CLIP top20%; abs(RNA_log2FC)<=0.5; TE_log2FC>=0.75	other
27	ENSMUSG00000023961.17	chr17;chr17;chr17;chr17;chr17;chr17;chr17;chr17	44407199;44407207;44412202;44412202;44412698;44412698;44416540;44416602	44410568;44410568;44412372;44412372;44413555;44413555;44416700;44416655	-;-;-;-;-;-;-;-	4560	304	34	151	113	243	129	Enpp4	protein_coding	22.302195	6.5374105	12.238335	11.591186	22.722678	9.9750353	1.7549477	0.077726438	1.1796832	1.1019568	True	0.1	True	True	True	True	True	True	top 5%	True	CLIP top20%; abs(RNA_log2FC)<=0.5; TE_log2FC>=0.75	other
28	ENSMUSG00000055296.15	chr4;chr4;chr4;chr4;chr4;chr4;chr4;chr4;chr4;chr4;chr4;chr4;chr4;chr4;chr4;chr4;chr4;chr4;chr4;chr4;chr4;chr4;chr4;chr4;chr4;chr4;chr4;chr4;chr4;chr4;chr4;chr4;chr4;chr4;chr4;chr4;chr4;chr4;chr4;chr4;chr4;chr4;chr4;chr4;chr4;chr4;chr4;chr4;chr4;chr4;chr4;chr4;chr4;chr4;chr4;chr4;chr4;chr4;chr4;chr4;chr4;chr4;chr4;chr4;chr4;chr4;chr4;chr4;chr4;chr4;chr4;chr4;chr4;chr4;chr4;chr4;chr4;chr4;chr4;chr4;chr4	56866923;56879876;56879876;56880247;56885616;56886018;56886018;56886018;56886018;56888535;56888535;56888535;56888535;56888535;56890800;56890800;56890800;56890800;56890800;56899026;56899026;56899026;56899026;56899026;56899306;56899306;56899306;56899306;56899306;56903212;56903212;56903354;56903918;56903918;56903918;56903918;56906215;56906215;56906215;56906215;56906215;56910157;56910157;56910157;56910157;56910157;56911941;56912048;56912048;56912048;56912048;56916702;56916702;56916702;56916702;56916702;56922387;56923339;56923339;56923339;56923339;56923339;56924979;56924979;56924979;56924979;56926177;56926177;56926177;56926177;56936369;56936369;56936369;56936369;56937862;56937862;56937862;56937862;56946845;56946845;56946845	56880292;56880292;56880292;56880292;56886212;56886212;56886212;56886212;56886212;56888709;56888709;56888709;56888709;56888709;56890900;56890900;56890900;56890900;56890900;56899171;56899171;56899171;56899171;56899171;56899428;56899428;56899428;56899428;56899428;56903247;56903247;56904049;56904049;56904049;56904049;56904049;56906313;56906313;56906313;56906313;56906313;56910247;56910247;56910247;56910247;56910247;56912130;56912130;56912130;56912130;56912130;56916806;56916806;56916806;56916806;56916806;56922410;56923508;56923508;56923508;56923458;56923508;56925215;56925215;56925215;56925215;56926293;56926293;56926293;56926293;56936470;56936470;56936470;56936470;56937979;56937979;56937897;56937979;56947424;56947411;56947437	-;-;-;-;-;-;-;-;-;-;-;-;-;-;-;-;-;-;-;-;-;-;-;-;-;-;-;-;-;-;-;-;-;-;-;-;-;-;-;-;-;-;-;-;-;-;-;-;-;-;-;-;-;-;-;-;-;-;-;-;-;-;-;-;-;-;-;-;-;-;-;-;-;-;-;-;-;-;-;-;-	17090	2873	712	1523	1276	631	378	Tmem245	protein_coding	210.77042	136.90107	123.43698	130.88808	59.004156	29.229173	0.6221696	-0.08449257	1.0109232	1.0954157	True	0.1	True	True	True	True	True	True	5-20%	True	CLIP top20%; abs(RNA_log2FC)<=0.5; TE_log2FC>=0.75	transmembrane_symbol
29	ENSMUSG00000056429.5	chr6;chr6;chr6;chr6	72585415;72591055;72592507;72593660	72589093;72591138;72593432;72593983	-;-;-;-	5013	1760	165	527	448	1028	626	Tgoln1	protein_coding	129.11797	31.725669	42.712599	45.954435	96.127214	48.405985	2.021544	-0.1053047	0.98828218	1.0935869	True	0.1	True	True	True	True	True	True	top 5%	True	CLIP top20%; abs(RNA_log2FC)<=0.5; TE_log2FC>=0.75	other
30	ENSMUSG00000047694.13	chrX;chrX;chrX;chrX;chrX;chrX;chrX;chrX;chrX;chrX;chrX;chrX;chrX;chrX;chrX;chrX;chrX;chrX;chrX;chrX;chrX;chrX;chrX;chrX;chrX;chrX;chrX;chrX;chrX;chrX;chrX;chrX;chrX;chrX;chrX;chrX	97979922;97980879;97980907;97981367;97981367;97981792;97981792;97981792;97981813;97983379;97983379;97983379;97983379;97983379;97983379;97983728;97983728;97983728;97983728;97983728;97984393;97984393;97984393;97984393;97984393;97986384;97986384;97986384;97986384;97986384;97987084;97987084;97987084;97987084;97988479;97988479	97979951;97980927;97980978;97981894;97981894;97981894;97981894;97981894;97981894;97983507;97983507;97983487;97983507;97983507;97983507;97983806;97983806;97983806;97983806;97983806;97984435;97984435;97984435;97984435;97984435;97986512;97988512;97986512;97986512;97986512;97987641;97987241;97987241;97987241;97992623;97988737	+;+;+;+;+;+;+;+;+;+;+;+;+;+;+;+;+;+;+;+;+;+;+;+;+;+;+;+;+;+;+;+;+;+;+;+	7149	925	128	282	285	177	128	Yipf6	protein_coding	67.860299	24.611428	22.855698	29.234406	16.551086	9.8977095	1.4595138	-0.3537415	0.7359468	1.0896883	True	0.1	True	True	True	True	True	True	top 5%	True	CLIP top20%; abs(RNA_log2FC)<=0.5; TE_log2FC>=0.75	other
31	ENSMUSG00000056579.19	chr11;chr11;chr11;chr11;chr11;chr11;chr11;chr11;chr11;chr11;chr11;chr11;chr11;chr11;chr11;chr11;chr11;chr11	3589785;3589794;3589794;3592462;3594772;3594772;3594772;3594935;3594999;3596557;3596557;3596557;3596557;3596723;3596840;3598062;3598753;3598900	3595523;3593179;3593179;3593179;3595523;3597906;3595523;3595454;3595523;3597078;3597282;3597530;3597536;3597132;3597078;3599673;3598812;3599042	-;-;-;-;-;-;-;-;-;-;-;-;-;-;-;-;-;-	9734	4577	745	1857	1970	202	154	Tug1	protein_coding	335.78009	143.2462	150.5072	202.07642	18.888811	11.908182	1.2284426	-0.424824	0.66113182	1.0859558	True	0.1	True	True	True	True	True	True	5-20%	True	CLIP top20%; abs(RNA_log2FC)<=0.5; TE_log2FC>=0.75	other
32	ENSMUSG00000030772.7	chr7;chr7;chr7;chr7;chr7;chr7;chr7;chr7	111715224;111718555;111719595;111720797;111748168;111749818;111757390;111758173	111717637;111718711;111719739;111720889;111748251;111749955;111757625;111758264	-;-;-;-;-;-;-;-	3359	345	58	195	179	365	241	Dkk3	protein_coding	25.310057	11.152053	15.804472	18.361259	34.130772	18.635531	1.1752113	-0.21506845	0.86951693	1.0845854	True	0.1	True	True	True	True	True	True	5-20%	True	CLIP top20%; abs(RNA_log2FC)<=0.5; TE_log2FC>=0.75	other
33	ENSMUSG00000025277.15	chr14;chr14;chr14;chr14;chr14;chr14;chr14;chr14;chr14;chr14;chr14;chr14;chr14;chr14;chr14;chr14;chr14	14413010;14413108;14419865;14419865;14420145;14420145;14424148;14424148;14426947;14426947;14428541;14428541;14429869;14429869;14441384;14466810;14466810	14414302;14414302;14419965;14419965;14420199;14420199;14424305;14424305;14427079;14427079;14428654;14428654;14430025;14430025;14441536;14466854;14466871	-;-;-;-;-;-;-;-;-;-;-;-;-;-;-;-;-	2226	444	43	129	114	134	85	Abhd6	protein_coding	32.572943	8.2679015	10.455266	11.693763	12.530201	6.5726977	1.9651586	-0.16006111	0.92053555	1.0805967	True	0.1	True	True	True	True	True	True	top 5%	True	CLIP top20%; abs(RNA_log2FC)<=0.5; TE_log2FC>=0.75	other
34	ENSMUSG00000021003.11	chr12;chr12;chr12;chr12;chr12;chr12;chr12;chr12;chr12;chr12;chr12;chr12;chr12;chr12;chr12;chr12;chr12;chr12;chr12;chr12;chr12;chr12;chr12;chr12;chr12;chr12;chr12;chr12;chr12;chr12;chr12;chr12;chr12;chr12;chr12;chr12;chr12;chr12;chr12;chr12;chr12;chr12;chr12;chr12;chr12;chr12;chr12;chr12;chr12;chr12;chr12;chr12;chr12;chr12;chr12;chr12	98168553;98170055;98173653;98173653;98173712;98174970;98174970;98174970;98179241;98179241;98179241;98180592;98180592;98180592;98182510;98182510;98182510;98182701;98186261;98188859;98188859;98188859;98193427;98193427;98193427;98197675;98197675;98197675;98199497;98200501;98200501;98200501;98205829;98208901;98208901;98208901;98209685;98212513;98212513;98212513;98218269;98218269;98218269;98220424;98220424;98220424;98221454;98222886;98222886;98222886;98223131;98223131;98223131;98224233;98225394;98225394	98170346;98170346;98173729;98173729;98173729;98175133;98175133;98175133;98179418;98179418;98179418;98180742;98180742;98180742;98182596;98182596;98182596;98182787;98186686;98188948;98188948;98188948;98193554;98193554;98193554;98197799;98197799;98197799;98203267;98200656;98200656;98200656;98209031;98209031;98209031;98209031;98209724;98212551;98212551;98212551;98218408;98218408;98218408;98220537;98220537;98220537;98225606;98222949;98222949;98222949;98223199;98223199;98223199;98225042;98225557;98225718	-;-;-;-;-;-;-;-;-;-;-;-;-;-;-;-;-;-;-;-;-;-;-;-;-;-;-;-;-;-;-;-;-;-;-;-;-;-;-;-;-;-;-;-;-;-;-;-;-;-;-;-;-;-;-;-	14879	454	76	218	182	233	141	Galc	protein_coding	33.306568	14.613035	17.668589	18.668989	21.787588	10.902946	1.1830369	-0.079021829	0.9922232	1.071245	True	0.1	True	True	True	True	True	True	5-20%	True	CLIP top20%; abs(RNA_log2FC)<=0.5; TE_log2FC>=0.75	other
35	ENSMUSG00000025647.17	chr9;chr9;chr9;chr9;chr9;chr9;chr9;chr9;chr9;chr9;chr9;chr9;chr9;chr9;chr9;chr9;chr9;chr9;chr9;chr9;chr9;chr9;chr9;chr9;chr9;chr9;chr9;chr9;chr9;chr9;chr9;chr9;chr9;chr9;chr9;chr9;chr9;chr9;chr9;chr9;chr9;chr9;chr9;chr9;chr9;chr9;chr9;chr9;chr9;chr9;chr9;chr9;chr9;chr9;chr9;chr9;chr9;chr9;chr9;chr9;chr9;chr9;chr9;chr9;chr9;chr9;chr9;chr9;chr9;chr9;chr9;chr9;chr9;chr9;chr9;chr9;chr9;chr9;chr9;chr9	108867633;108867653;108867670;108869484;108869674;108869938;108869938;108869938;108869938;108880164;108880223;108880227;108880248;108880266;108880268;108880270;108880279;108880432;108880432;108880432;108880432;108880432;108880435;108880435;108880435;108880435;108880435;108880435;108880435;108880503;108881922;108883931;108884016;108884080;108885008;108885046;108885046;108885046;108885046;108885046;108885046;108885046;108885046;108885046;108885046;108885046;108885046;108885046;108885046;108885046;108885046;108885046;108885355;108885355;108885355;108885355;108885355;108885355;108885355;108885355;108885355;108885355;108885355;108885355;108885355;108885355;108885355;108885355;108885355;108885718;108885718;108885718;108885718;108885718;108885718;108885718;108885718;108885718;108885718;108885718	108867832;108867832;108867832;108869552;108870094;108870094;108870094;108870094;108870094;108880203;108880296;108880521;108880322;108880322;108880301;108880296;108880353;108880521;108880521;108880521;108880521;108880521;108880521;108880521;108880521;108880458;108880521;108880521;108880521;108880521;108882048;108884075;108884331;108884147;108885161;108885161;108885161;108885161;108885161;108885161;108885161;108885161;108885161;108885161;108885161;108885161;108885161;108885161;108885161;108885573;108885161;108885161;108885543;108885559;108885619;108885573;108885573;108885573;108885442;108885479;108885573;108885573;108885573;108885420;108885446;108885573;108885573;108885573;108885573;108886275;108885770;108885926;108885799;108886081;108886092;108886023;108885811;108886792;108886792;108886845	+;+;+;+;+;+;+;+;+;+;+;+;+;+;+;+;+;+;+;+;+;+;+;+;+;+;+;+;+;+;+;+;+;+;+;+;+;+;+;+;+;+;+;+;+;+;+;+;+;+;+;+;+;+;+;+;+;+;+;+;+;+;+;+;+;+;+;+;+;+;+;+;+;+;+;+;+;+;+;+	3297	158	40	178	153	317	198	Shisa5	protein_coding	11.591273	7.6910712	14.426646	15.69426	29.642341	15.310519	0.58553838	-0.1206987	0.94860274	1.0693014	True	0.1	True	True	True	True	True	True	5-20%	True	CLIP top20%; abs(RNA_log2FC)<=0.5; TE_log2FC>=0.75	other
36	ENSMUSG00000031835.17	chr8;chr8;chr8;chr8;chr8;chr8;chr8;chr8;chr8;chr8;chr8;chr8;chr8;chr8;chr8;chr8;chr8;chr8;chr8;chr8;chr8;chr8;chr8;chr8;chr8;chr8;chr8;chr8;chr8;chr8;chr8;chr8;chr8;chr8;chr8;chr8;chr8;chr8;chr8;chr8;chr8;chr8;chr8;chr8;chr8;chr8;chr8;chr8;chr8;chr8;chr8;chr8;chr8;chr8;chr8;chr8;chr8;chr8;chr8;chr8;chr8;chr8;chr8;chr8;chr8;chr8;chr8;chr8;chr8;chr8;chr8;chr8;chr8;chr8;chr8;chr8;chr8;chr8;chr8;chr8;chr8;chr8;chr8;chr8;chr8;chr8;chr8;chr8;chr8;chr8;chr8;chr8;chr8;chr8;chr8;chr8;chr8;chr8;chr8;chr8;chr8;chr8;chr8;chr8;chr8	120234895;120234895;120234895;120234895;120236993;120236993;120236993;120236993;120237004;120240389;120240613;120240613;120240613;120240613;120240613;120242317;120242317;120242317;120242317;120242317;120242317;120242547;120244878;120244878;120244878;120247011;120247011;120247011;120247011;120247737;120247737;120247737;120247737;120248155;120248494;120248494;120248494;120248494;120249218;120249218;120249218;120249218;120249218;120251166;120251166;120251166;120251166;120251166;120252107;120252107;120252107;120252107;120252107;120255663;120255663;120255663;120255663;120257788;120257788;120257788;120257788;120260060;120260060;120260060;120260060;120262014;120262014;120262014;120262014;120264650;120264866;120264866;120264866;120264866;120265583;120265583;120265583;120265583;120265583;120268324;120268324;120268324;120268814;120268814;120268814;120268814;120269464;120269464;120269464;120269464;120272723;120272723;120272723;120272723;120273828;120274139;120274139;120274139;120274139;120276297;120285129;120285385;120285385;120285385;120285385	120235714;120235714;120235714;120235714;120237123;120237123;120237123;120237123;120237123;120240739;120240739;120240739;120240739;120240739;120240739;120242394;120242448;120242448;120245018;120242448;120242448;120242582;120245018;120245018;120245018;120247088;120247088;120247088;120247088;120247861;120247861;120247861;120247861;120248650;120248650;120248650;120248650;120248650;120249333;120249333;120249333;120249333;120249333;120251338;120251338;120251338;120251338;120251338;120252136;120252295;120252295;120252295;120252295;120255807;120255807;120255807;120255807;120257949;120257949;120257949;120257949;120260211;120260211;120260211;120260211;120262116;120262116;120262116;120262116;120264933;120264933;120264933;120264933;120264933;120265705;120265699;120265699;120265699;120268433;120268433;120268433;120268433;120268924;120268924;120268924;120268924;120269667;120269667;120269667;120269667;120272980;120272980;120272980;120272980;120274624;120274624;120274624;120274624;120274624;120276445;120285180;120285474;120285474;120285466;120285444	-;-;-;-;-;-;-;-;-;-;-;-;-;-;-;-;-;-;-;-;-;-;-;-;-;-;-;-;-;-;-;-;-;-;-;-;-;-;-;-;-;-;-;-;-;-;-;-;-;-;-;-;-;-;-;-;-;-;-;-;-;-;-;-;-;-;-;-;-;-;-;-;-;-;-;-;-;-;-;-;-;-;-;-;-;-;-;-;-;-;-;-;-;-;-;-;-;-;-;-;-;-;-;-;-	10539	6386	1153	2751	1946	1755	906	Mbtps1	protein_coding	468.49283	221.69513	222.96463	199.61458	164.10823	70.057225	1.0791072	0.15952211	1.2268628	1.0673407	True	0.1	True	True	True	True	True	True	5-20%	True	CLIP top20%; abs(RNA_log2FC)<=0.5; TE_log2FC>=0.75	other
37	ENSMUSG00000073725.9	chr1;chr1;chr1;chr1;chr1;chr1;chr1;chr1;chr1;chr1;chr1;chr1;chr1;chr1;chr1;chr1;chr1;chr1;chr1;chr1;chr1;chr1;chr1;chr1;chr1;chr1;chr1;chr1;chr1;chr1;chr1;chr1;chr1;chr1;chr1;chr1;chr1;chr1;chr1;chr1;chr1;chr1;chr1;chr1;chr1;chr1;chr1;chr1;chr1;chr1	24717711;24717741;24717820;24718007;24724478;24724478;24724478;24724478;24732022;24732022;24732022;24743902;24743902;24743902;24745058;24745058;24745058;24746006;24750593;24750593;24753990;24753990;24767627;24767627;24767708;24767723;24770828;24770828;24770828;24770828;24782964;24782964;24782964;24783337;24783337;24783947;24783947;24783947;24783954;24785886;24785886;24785886;24787881;24787881;24787881;24801273;24801273;24801273;24801704;24801704	24717897;24717897;24717897;24718115;24724654;24724654;24724654;24724654;24732082;24732082;24732082;24743999;24743999;24743999;24745125;24745125;24745125;24746132;24750681;24750681;24754063;24754063;24767752;24767752;24767752;24767752;24770980;24770980;24770975;24770980;24783439;24783028;24783028;24783439;24783439;24784029;24784051;24784051;24784051;24786035;24786035;24786035;24787959;24787959;24787959;24801474;24801364;24801364;24805382;24804529	+;+;+;+;+;+;+;+;+;+;+;+;+;+;+;+;+;+;+;+;+;+;+;+;+;+;+;+;+;+;+;+;+;+;+;+;+;+;+;+;+;+;+;+;+;+;+;+;+;+	5960	562	102	264	225	801	498	Lmbrd1	protein_coding	41.229717	19.612232	21.396824	23.079794	74.900679	38.508276	1.0680884	-0.10874428	0.95799353	1.0667378	True	0.1	True	True	True	True	True	True	5-20%	True	CLIP top20%; abs(RNA_log2FC)<=0.5; TE_log2FC>=0.75	other
38	ENSMUSG00000060227.16	chr2;chr2;chr2;chr2;chr2;chr2;chr2;chr2;chr2;chr2;chr2;chr2;chr2;chr2;chr2;chr2;chr2;chr2;chr2;chr2;chr2;chr2;chr2;chr2;chr2;chr2;chr2;chr2;chr2;chr2;chr2;chr2;chr2;chr2;chr2;chr2;chr2;chr2;chr2;chr2;chr2;chr2;chr2;chr2;chr2;chr2;chr2;chr2;chr2;chr2;chr2;chr2;chr2;chr2;chr2;chr2;chr2;chr2;chr2;chr2;chr2	121697451;121697451;121697610;121697611;121697611;121697611;121698186;121729279;121729279;121729279;121729279;121729279;121729279;121729279;121729288;121731663;121731663;121731663;121731663;121731663;121731663;121731663;121733543;121733543;121733543;121733543;121733543;121733543;121733543;121736411;121736411;121736411;121736411;121736411;121736411;121736411;121737179;121737179;121737179;121737179;121737179;121737179;121741280;121741280;121741280;121741280;121742352;121742352;121742352;121742352;121742352;121742352;121756042;121756042;121756042;121763959;121763959;121763959;121763959;121763959;121763959	121698012;121698012;121698012;121698012;121698012;121698012;121698337;121729333;121729333;121729333;121730689;121729333;121729333;121729333;121729333;121731765;121731765;121731765;121731765;121731765;121731765;121731765;121733633;121733633;121733633;121733633;121733633;121733633;121733633;121736552;121736552;121736552;121736552;121736687;121736552;121736552;121737259;121737259;121737259;121737259;121737259;121737259;121741378;121741378;121741378;121741378;121742522;121742522;121742522;121742522;121742522;121742522;121756209;121756209;121756209;121764143;121764178;121766347;121766388;121766701;121766686	+;+;+;+;+;+;+;+;+;+;+;+;+;+;+;+;+;+;+;+;+;+;+;+;+;+;+;+;+;+;+;+;+;+;+;+;+;+;+;+;+;+;+;+;+;+;+;+;+;+;+;+;+;+;+;+;+;+;+;+;+	5858	1499	188	479	453	295	204	Golm2	protein_coding	109.97037	36.148035	38.822267	46.467319	27.585144	15.774475	1.6024514	-0.2587221	0.8024032	1.0611253	True	0.1	True	True	True	True	True	True	top 5%	True	CLIP top20%; abs(RNA_log2FC)<=0.5; TE_log2FC>=0.75	other
39	ENSMUSG00000021360.17	chr13;chr13;chr13;chr13;chr13;chr13;chr13;chr13;chr13;chr13;chr13;chr13;chr13;chr13;chr13	41013230;41040669;41071077;41071126;41100208;41106891;41107052;41107052;41107052;41107052;41107052;41111628;41111628;41111628;41111628	41014749;41041761;41072277;41072277;41100297;41107147;41107296;41107265;41107147;41107147;41107147;41111704;41114368;41114363;41114367	+;+;+;+;+;+;+;+;+;+;+;+;+;+;+	7051	1142	213	725	562	716	410	Gcnt2	protein_coding	83.779958	40.954954	58.760216	57.648198	66.952418	31.703601	1.0307698	0.02751692	1.0760992	1.0485823	True	0.1	True	True	True	True	True	True	5-20%	True	CLIP top20%; abs(RNA_log2FC)<=0.5; TE_log2FC>=0.75	other
40	ENSMUSG00000027204.14	chr2;chr2;chr2;chr2;chr2;chr2;chr2;chr2;chr2;chr2;chr2;chr2;chr2;chr2;chr2;chr2;chr2;chr2;chr2;chr2;chr2;chr2;chr2;chr2;chr2;chr2;chr2;chr2;chr2;chr2;chr2;chr2;chr2;chr2;chr2;chr2;chr2;chr2;chr2;chr2;chr2;chr2;chr2;chr2;chr2;chr2;chr2;chr2;chr2;chr2;chr2;chr2;chr2;chr2;chr2;chr2;chr2;chr2;chr2;chr2;chr2;chr2;chr2;chr2;chr2;chr2;chr2;chr2;chr2;chr2;chr2;chr2;chr2;chr2;chr2;chr2;chr2;chr2;chr2;chr2;chr2;chr2;chr2;chr2;chr2;chr2;chr2;chr2;chr2;chr2;chr2;chr2;chr2;chr2;chr2;chr2;chr2;chr2;chr2;chr2;chr2;chr2;chr2;chr2;chr2;chr2;chr2;chr2;chr2;chr2;chr2;chr2;chr2;chr2;chr2;chr2;chr2;chr2;chr2;chr2;chr2;chr2;chr2;chr2;chr2;chr2;chr2;chr2;chr2;chr2;chr2;chr2;chr2;chr2;chr2;chr2;chr2;chr2;chr2;chr2;chr2	125142514;125142547;125145006;125145006;125148190;125148190;125150390;125150390;125151301;125151301;125151677;125151677;125154420;125154420;125154759;125154759;125156514;125156514;125157279;125157279;125158887;125158887;125159332;125159332;125160917;125160917;125162783;125162783;125163116;125163116;125163536;125163536;125166746;125166746;125170013;125170013;125170911;125170911;125172453;125172453;125174178;125174178;125177285;125177285;125180353;125180353;125183176;125183176;125183923;125183923;125184720;125184720;125185725;125185725;125185945;125185945;125187775;125187775;125188250;125188250;125190027;125190027;125192166;125192166;125193602;125193602;125193873;125193873;125200726;125200726;125202028;125202028;125203104;125203104;125204382;125204382;125204595;125204595;125205532;125205532;125205782;125205782;125207404;125207404;125209503;125209503;125211254;125211254;125211714;125211714;125212066;125212066;125212696;125212696;125214311;125214311;125215831;125215831;125219707;125219707;125220927;125220927;125223905;125223905;125225531;125225531;125229186;125229186;125231091;125231091;125231676;125231800;125231800;125236532;125236532;125236532;125239698;125239698;125239698;125245024;125245024;125245024;125254526;125254526;125254526;125308523;125308523;125308523;125310463;125310463;125310463;125319417;125319417;125319417;125321110;125321110;125321110;125347360;125347360;125347360;125348259	125143895;125143895;125145180;125145180;125148421;125148421;125150509;125150509;125151429;125151429;125151793;125151793;125154542;125154542;125154884;125154884;125156720;125156720;125157404;125157404;125159018;125159018;125159454;125159454;125161036;125161036;125162899;125162899;125163181;125163181;125163685;125163685;125166871;125166871;125170132;125170132;125171039;125171039;125172569;125172569;125174303;125174303;125177407;125177407;125180478;125180478;125183247;125183247;125184081;125184081;125184842;125184842;125185850;125185850;125186013;125186013;125187939;125187939;125188372;125188372;125190149;125190149;125192291;125192291;125193724;125193724;125193995;125193995;125200851;125200851;125202153;125202153;125203226;125203226;125204507;125204507;125204720;125204720;125205660;125205660;125205907;125205907;125207631;125207631;125209628;125209628;125211304;125211304;125211851;125211851;125212185;125212185;125212821;125212821;125214436;125214436;125215884;125215884;125219859;125219859;125221049;125221049;125224027;125224027;125225656;125225656;125229305;125229305;125231231;125231231;125231985;125231985;125231985;125236690;125236690;125236690;125239823;125239823;125239823;125245149;125245149;125245149;125254723;125254723;125254723;125308618;125308618;125308618;125310558;125310558;125310558;125319515;125319515;125319515;125321192;125321192;125321192;125347992;125349913;125347709;125348305	-;-;-;-;-;-;-;-;-;-;-;-;-;-;-;-;-;-;-;-;-;-;-;-;-;-;-;-;-;-;-;-;-;-;-;-;-;-;-;-;-;-;-;-;-;-;-;-;-;-;-;-;-;-;-;-;-;-;-;-;-;-;-;-;-;-;-;-;-;-;-;-;-;-;-;-;-;-;-;-;-;-;-;-;-;-;-;-;-;-;-;-;-;-;-;-;-;-;-;-;-;-;-;-;-;-;-;-;-;-;-;-;-;-;-;-;-;-;-;-;-;-;-;-;-;-;-;-;-;-;-;-;-;-;-;-;-;-;-;-;-	12128	256	35	87	87	143	105	Fbn1	protein_coding	18.780796	6.7296873	7.0512259	8.9241872	13.371782	8.1192148	1.4670282	-0.33560641	0.71286818	1.0484746	True	0.1	True	True	True	True	True	True	top 5%	True	CLIP top20%; abs(RNA_log2FC)<=0.5; TE_log2FC>=0.75	other
41	ENSMUSG00000027775.10	chr3;chr3;chr3;chr3;chr3;chr3;chr3;chr3;chr3;chr3;chr3;chr3;chr3;chr3;chr3;chr3;chr3;chr3;chr3;chr3;chr3;chr3;chr3;chr3;chr3	67490074;67491977;67492079;67492931;67492931;67494634;67494634;67495251;67495251;67497164;67497164;67499903;67499903;67501632;67501632;67502101;67502101;67503502;67503502;67503927;67505361;67507273;67507926;67508655;67510028	67490310;67492029;67492109;67493043;67493043;67494676;67494676;67495318;67495318;67497272;67497272;67500005;67500005;67501730;67501730;67502212;67502212;67503541;67503558;67504083;67505458;67507385;67507973;67508712;67511570	+;+;+;+;+;+;+;+;+;+;+;+;+;+;+;+;+;+;+;+;+;+;+;+;+	3042	5499	485	788	836	1142	897	Mfsd1	protein_coding	403.42031	93.254238	63.866276	85.754258	106.78724	69.361292	2.1118538	-0.42457819	0.62180842	1.0463866	True	0.1	True	True	True	True	True	True	top 5%	True	CLIP top20%; abs(RNA_log2FC)<=0.5; TE_log2FC>=0.75	other
42	ENSMUSG00000026623.17	chr1;chr1;chr1;chr1;chr1;chr1;chr1;chr1;chr1;chr1;chr1;chr1;chr1;chr1;chr1;chr1;chr1;chr1;chr1;chr1;chr1;chr1;chr1;chr1;chr1;chr1	191449946;191449946;191450139;191450501;191450541;191450633;191451466;191451466;191451466;191451470;191451470;191481652;191481652;191481652;191488044;191488044;191488044;191492086;191492086;191492086;191495657;191495657;191508435;191508435;191510495;191510495	191450317;191450317;191450317;191450709;191450709;191450709;191451730;191451510;191451730;191451730;191451898;191481770;191481770;191481770;191488139;191488139;191488139;191492296;191492359;191492359;191495783;191495783;191508541;191508541;191512089;191516367	+;+;+;+;+;+;+;+;+;+;+;+;+;+;+;+;+;+;+;+;+;+;+;+;+;+	7610	3357	281	1067	735	288	148	Lpgat1	protein_coding	246.27786	54.029775	86.478828	75.393995	26.930581	11.444227	2.1863783	0.19765238	1.227421	1.0297686	True	0.1	True	True	True	True	True	True	top 5%	True	CLIP top20%; abs(RNA_log2FC)<=0.5; TE_log2FC>=0.75	other
43	ENSMUSG00000054693.15	chr9;chr9;chr9;chr9;chr9;chr9;chr9;chr9;chr9;chr9;chr9;chr9;chr9;chr9;chr9;chr9;chr9;chr9;chr9;chr9;chr9;chr9;chr9;chr9;chr9;chr9;chr9;chr9;chr9;chr9;chr9;chr9;chr9;chr9;chr9;chr9;chr9;chr9;chr9	70586279;70586279;70586298;70610569;70610569;70625940;70625940;70629895;70629895;70647357;70647357;70647357;70651133;70651133;70651133;70653516;70653516;70653516;70655365;70655365;70655365;70661444;70661444;70668865;70668865;70673234;70673234;70674154;70674180;70675091;70675091;70676074;70676074;70683335;70683655;70683655;70685282;70685282;70685282	70586541;70586541;70586541;70610719;70610719;70626058;70626058;70630053;70630053;70647457;70647457;70647457;70651285;70651285;70651285;70653608;70653608;70653608;70655396;70655548;70655548;70661607;70661607;70669048;70669048;70673384;70673384;70674337;70674337;70675199;70675199;70676294;70676294;70683781;70683781;70683781;70685660;70687511;70685664	+;+;+;+;+;+;+;+;+;+;+;+;+;+;+;+;+;+;+;+;+;+;+;+;+;+;+;+;+;+;+;+;+;+;+;+;+;+;+	4913	2705	167	753	647	1234	798	Adam10	protein_coding	198.44552	32.110222	61.029576	66.367231	115.39006	61.706033	2.6238793	-0.12077269	0.90194913	1.0227218	True	0.1	True	True	True	True	True	True	top 5%	True	CLIP top20%; abs(RNA_log2FC)<=0.5; TE_log2FC>=0.75	other
44	ENSMUSG00000045005.10	chr1;chr1;chr1;chr1	64769717;64773628;64776292;64776399	64776012;64776012;64776910;64776908	-;-;-;-	6915	8422	1139	2893	1762	2597	1195	Fzd5	protein_coding	617.85885	219.00325	234.47352	180.74043	242.84278	92.404397	1.4958999	0.3753229	1.3930227	1.0176998	True	0.1	True	True	True	True	True	True	top 5%	True	CLIP top20%; abs(RNA_log2FC)<=0.5; TE_log2FC>=0.75	other
45	ENSMUSG00000022533.15	chr16;chr16;chr16;chr16;chr16;chr16;chr16;chr16;chr16;chr16;chr16;chr16;chr16;chr16;chr16;chr16;chr16;chr16;chr16;chr16;chr16;chr16;chr16;chr16;chr16;chr16;chr16;chr16;chr16;chr16;chr16;chr16;chr16;chr16;chr16;chr16;chr16;chr16;chr16;chr16;chr16;chr16;chr16;chr16;chr16;chr16;chr16;chr16;chr16;chr16;chr16;chr16;chr16;chr16;chr16;chr16;chr16;chr16;chr16;chr16;chr16;chr16;chr16;chr16;chr16;chr16;chr16;chr16;chr16;chr16;chr16;chr16;chr16;chr16;chr16;chr16;chr16;chr16;chr16;chr16;chr16;chr16;chr16;chr16;chr16;chr16;chr16;chr16;chr16;chr16;chr16;chr16;chr16	30131241;30131241;30134376;30134378;30140624;30140624;30141690;30141690;30141690;30141690;30147774;30147774;30147774;30147774;30151017;30151017;30151017;30151017;30152542;30152577;30152577;30152577;30155008;30155008;30156320;30156320;30157250;30157250;30157445;30157445;30158431;30158431;30158594;30158594;30159041;30159041;30159971;30159971;30162252;30162252;30162461;30162461;30162708;30162708;30163340;30163340;30166444;30166444;30166868;30166868;30168503;30168503;30169781;30169781;30170047;30170047;30171086;30171086;30172987;30173050;30173050;30174571;30174571;30174571;30176023;30176023;30176025;30178487;30178487;30180238;30180238;30180469;30180632;30180632;30181394;30181394;30181394;30181397;30185653;30185653;30185653;30185653;30204711;30206425;30206425;30206425;30206425;30207166;30207166;30207166;30207166;30221567;30224573	30134719;30134719;30134719;30134719;30140713;30140713;30141770;30141770;30141770;30141770;30147862;30147862;30147862;30147862;30151204;30151204;30151204;30151204;30152666;30152708;30152745;30152745;30155080;30155080;30156416;30156416;30157359;30157359;30157487;30157487;30158510;30158510;30158716;30158716;30159216;30159216;30160095;30160095;30162372;30162372;30162614;30162614;30162725;30162725;30163456;30163456;30166594;30166594;30166929;30166929;30168691;30168691;30169938;30169938;30170226;30170226;30171217;30171217;30173122;30173122;30173122;30174707;30174705;30174705;30176092;30176092;30176061;30178567;30178567;30180308;30180308;30180802;30180802;30180802;30181567;30181567;30181567;30181567;30185753;30185753;30185753;30185753;30206470;30206470;30206470;30206470;30206470;30207655;30207303;30207348;30207348;30221689;30224793	-;-;-;-;-;-;-;-;-;-;-;-;-;-;-;-;-;-;-;-;-;-;-;-;-;-;-;-;-;-;-;-;-;-;-;-;-;-;-;-;-;-;-;-;-;-;-;-;-;-;-;-;-;-;-;-;-;-;-;-;-;-;-;-;-;-;-;-;-;-;-;-;-;-;-;-;-;-;-;-;-;-;-;-;-;-;-;-;-;-;-;-;-	9938	13788	1179	2395	2621	656	545	Atp13a3	protein_coding	1011.5219	226.69432	194.11133	268.85396	61.34188	42.142591	2.1572138	-0.46973183	0.54052402	1.0102559	True	0.1	True	True	True	True	True	True	top 5%	True	CLIP top20%; abs(RNA_log2FC)<=0.5; TE_log2FC>=0.75	transporter_or_channel_symbol
46	ENSMUSG00000021248.10	chr12;chr12;chr12;chr12;chr12;chr12;chr12;chr12;chr12;chr12;chr12;chr12;chr12;chr12	85387388;85389562;85390139;85390999;85390999;85390999;85397577;85397577;85397577;85401569;85401569;85419104;85420609;85421215	85390323;85390323;85390323;85391125;85391125;85391125;85397650;85397650;85397694;85401680;85401680;85421464;85420729;85421621	-;-;-;-;-;-;-;-;-;-;-;-;-;-	5811	2289	461	807	807	676	513	Tmed10	protein_coding	167.92673	88.639596	65.406199	82.779529	63.212059	39.668164	0.92104086	-0.33938437	0.67086636	1.0102507	True	0.1	True	True	True	True	True	True	5-20%	True	CLIP top20%; abs(RNA_log2FC)<=0.5; TE_log2FC>=0.75	other
47	ENSMUSG00000036676.15	chr10;chr10;chr10;chr10;chr10;chr10;chr10;chr10;chr10;chr10;chr10;chr10;chr10;chr10;chr10;chr10;chr10;chr10;chr10;chr10;chr10;chr10;chr10;chr10;chr10;chr10;chr10;chr10;chr10;chr10;chr10;chr10;chr10;chr10;chr10;chr10	100279764;100284040;100284686;100286101;100286101;100287244;100287244;100292910;100292910;100294777;100294777;100296822;100296822;100301883;100301883;100307191;100307191;100307777;100307777;100310237;100310237;100311283;100312419;100312419;100312502;100313667;100313667;100313667;100313838;100320913;100320913;100323024;100323024;100323024;100323024;100323024	100283605;100284912;100284912;100286270;100286270;100287347;100287347;100293021;100293021;100294897;100294897;100296970;100296970;100302135;100302135;100307363;100307363;100307892;100307892;100310336;100310336;100313884;100312637;100312637;100312637;100313884;100313884;100313884;100313884;100321047;100320987;100323188;100323129;100323201;100323209;100323212	-;-;-;-;-;-;-;-;-;-;-;-;-;-;-;-;-;-;-;-;-;-;-;-;-;-;-;-;-;-;-;-;-;-;-;-	8939	2532	199	632	521	664	416	Tmtc3	protein_coding	185.75381	38.263079	51.222699	53.442546	62.089952	32.167556	2.2763779	-0.061088712	0.94659719	1.0076859	True	0.1	True	True	True	True	True	True	top 5%	True	CLIP top20%; abs(RNA_log2FC)<=0.5; TE_log2FC>=0.75	other
48	ENSMUSG00000050088.10	chr17;chr17;chr17;chr17;chr17;chr17;chr17;chr17;chr17;chr17;chr17	15163446;15163492;15163531;15163533;15163764;15163829;15163834;15169130;15172828;15179037;15179450	15163581;15163581;15163581;15163581;15166196;15166198;15165248;15169168;15173027;15179137;15179832	+;+;+;+;+;+;+;+;+;+;+	3294	521	128	313	306	244	181	1600012H06Rik	protein_coding	38.221855	24.611428	25.368204	31.38852	22.816187	13.99598	0.63298901	-0.30612876	0.70108325	1.007212	True	0.1	True	True	True	True	True	True	5-20%	True	CLIP top20%; abs(RNA_log2FC)<=0.5; TE_log2FC>=0.75	other
49	ENSMUSG00000015189.13	chr6;chr6;chr6;chr6;chr6;chr6;chr6;chr6;chr6;chr6;chr6;chr6;chr6;chr6;chr6;chr6;chr6;chr6;chr6;chr6;chr6;chr6;chr6;chr6;chr6;chr6;chr6;chr6;chr6;chr6;chr6;chr6;chr6;chr6;chr6;chr6;chr6;chr6;chr6;chr6;chr6	4600839;4600949;4601146;4601203;4605660;4607983;4607983;4607983;4607983;4608634;4608634;4608634;4608634;4613235;4613235;4614649;4614649;4619289;4619289;4619289;4619761;4619761;4619761;4621072;4621072;4624052;4624052;4625466;4629962;4631008;4631127;4631519;4631519;4634002;4635746;4635746;4636969;4636969;4640915;4640915;4641852	4601301;4601301;4601301;4601301;4605735;4608079;4608079;4608079;4608079;4608748;4608754;4608754;4608754;4613279;4613279;4614711;4614711;4619333;4619333;4619333;4619884;4619884;4619884;4621132;4621286;4624266;4624474;4625555;4630081;4631164;4631164;4631598;4631598;4634103;4635886;4635886;4637046;4637046;4640973;4641007;4643355	+;+;+;+;+;+;+;+;+;+;+;+;+;+;+;+;+;+;+;+;+;+;+;+;+;+;+;+;+;+;+;+;+;+;+;+;+;+;+;+;+	4037	440	31	116	115	144	108	Casd1	protein_coding	32.279493	5.9605802	9.4016346	11.796339	13.465291	8.3511924	2.4175526	-0.32427008	0.68269315	1.0069632	True	0.1	True	True	True	True	True	True	top 5%	True	CLIP top20%; abs(RNA_log2FC)<=0.5; TE_log2FC>=0.75	other
50	ENSMUSG00000031703.9	chr8;chr8;chr8;chr8;chr8;chr8;chr8;chr8;chr8;chr8;chr8;chr8;chr8;chr8;chr8;chr8;chr8;chr8;chr8;chr8;chr8;chr8;chr8;chr8;chr8	86444207;86449260;86450534;86452143;86452795;86452795;86457873;86459002;86462754;86462754;86464746;86464746;86465416;86466857;86466857;86490864;86493587;86502769;86507145;86537174;86557812;86561650;86562975;86565557;86567163	86445556;86449377;86452225;86452225;86452919;86454339;86459080;86459080;86462797;86462797;86464854;86464854;86468156;86469147;86467007;86491036;86493681;86502850;86507206;86537268;86557886;86561707;86563120;86565629;86567550	-;-;-;-;-;-;-;-;-;-;-;-;-;-;-;-;-;-;-;-;-;-;-;-;-	11045	992	111	298	228	585	341	Itfg1	protein_coding	72.775585	21.342723	24.152475	23.387525	54.702743	26.368117	1.7649475	0.046237288	1.0499926	1.0037553	True	0.1	True	True	True	True	True	True	top 5%	True	CLIP top20%; abs(RNA_log2FC)<=0.5; TE_log2FC>=0.75	other
51	ENSMUSG00000040297.13	chr1;chr1;chr1;chr1;chr1;chr1;chr1;chr1;chr1;chr1;chr1;chr1;chr1;chr1;chr1;chr1;chr1;chr1;chr1;chr1;chr1;chr1;chr1;chr1;chr1;chr1;chr1;chr1;chr1;chr1;chr1;chr1;chr1;chr1;chr1;chr1;chr1;chr1;chr1;chr1;chr1;chr1;chr1	161643683;161647964;161647972;161655226;161655685;161655725;161656805;161656805;161660985;161661605;161662715;161665288;161666323;161666346;161671571;161671571;161671571;161672358;161672358;161672417;161672872;161672872;161673129;161674774;161674774;161676211;161676211;161679844;161679844;161680380;161680380;161680398;161681284;161681284;161681284;161684390;161684390;161684913;161684913;161686919;161689761;161691483;161703880	161646378;161648019;161650294;161655317;161655879;161655879;161656839;161656909;161661072;161662762;161662762;161665378;161666391;161666391;161671922;161671636;161671636;161672362;161672449;161672449;161672927;161672927;161673149;161674879;161674879;161676318;161676318;161679911;161679911;161680516;161680516;161680504;161681407;161681312;161681407;161684540;161684540;161685021;161685050;161687073;161689871;161691594;161704251	-;-;-;-;-;-;-;-;-;-;-;-;-;-;-;-;-;-;-;-;-;-;-;-;-;-;-;-;-;-;-;-;-;-;-;-;-;-;-;-;-;-;-	8928	3331	356	1146	873	1599	932	Suco	protein_coding	244.37044	68.450534	92.881666	89.549602	149.52083	72.067697	1.8344202	0.052649088	1.0518859	0.99923684	True	0.1	True	True	True	True	True	True	top 5%	True	CLIP top20%; abs(RNA_log2FC)<=0.5; TE_log2FC>=0.75	other
52	ENSMUSG00000019810.16	chr10;chr10;chr10;chr10;chr10;chr10;chr10;chr10;chr10;chr10;chr10;chr10;chr10;chr10;chr10;chr10;chr10;chr10;chr10;chr10;chr10;chr10;chr10;chr10;chr10;chr10	13375284;13375288;13376745;13376745;13376747;13376828;13378815;13378815;13378815;13378815;13381483;13381483;13381483;13381781;13382450;13382450;13382979;13382979;13382979;13388362;13388362;13388362;13390451;13390451;13390499;13390861	13375331;13375331;13377117;13377117;13376921;13377117;13379002;13379002;13379002;13379002;13381822;13381624;13381822;13381822;13382660;13382660;13383169;13383169;13383169;13388842;13388470;13388470;13394779;13390618;13391242;13391287	+;+;+;+;+;+;+;+;+;+;+;+;+;+;+;+;+;+;+;+;+;+;+;+;+;+	6161	417	55	196	178	258	179	Fuca2	protein_coding	30.592156	10.575223	15.885521	18.258682	24.125312	13.841328	1.5236038	-0.19969675	0.79714727	0.99684402	True	0.1	True	True	True	True	True	True	top 5%	True	CLIP top20%; abs(RNA_log2FC)<=0.5; TE_log2FC>=0.75	other
53	ENSMUSG00000033096.8	chr2;chr2;chr2;chr2;chr2;chr2;chr2;chr2;chr2;chr2;chr2;chr2;chr2;chr2;chr2;chr2;chr2;chr2	150425000;150427683;150428301;150428912;150429041;150430823;150430823;150431953;150431953;150436222;150436222;150436284;150441648;150442164;150442164;150442164;150450308;150450308	150426108;150427875;150428435;150429086;150429086;150431042;150430939;150432045;150432045;150436337;150436337;150436337;150441737;150442280;150442174;150442280;150450464;150450487	-;-;-;-;-;-;-;-;-;-;-;-;-;-;-;-;-;-	2428	376	75	187	160	379	248	Apmap	protein_coding	27.584294	14.420759	15.156083	16.412298	35.439897	19.176812	0.93095094	-0.11415631	0.88257301	0.99672932	True	0.1	True	True	True	True	True	True	5-20%	True	CLIP top20%; abs(RNA_log2FC)<=0.5; TE_log2FC>=0.75	other
54	ENSMUSG00000032320.8	chr9;chr9;chr9;chr9;chr9;chr9;chr9;chr9;chr9;chr9;chr9;chr9;chr9;chr9;chr9;chr9;chr9;chr9;chr9;chr9	55949129;55949141;55949154;55949169;55949859;55949859;55949859;55949863;55952416;55952416;55960191;55960191;55960191;55963443;55963443;55964711;55964711;55965343;55965343;55968410	55949488;55949488;55949488;55949488;55951510;55949964;55949964;55949964;55952612;55952612;55960419;55960304;55960304;55963539;55963539;55964853;55964853;55966361;55966652;55969166	+;+;+;+;+;+;+;+;+;+;+;+;+;+;+;+;+;+;+;+	4745	1504	184	556	568	984	772	Rcn2	protein_coding	110.33718	35.378928	45.063007	58.263659	92.01282	59.69556	1.6381916	-0.36992878	0.62336358	0.99329236	True	0.1	True	True	True	True	True	True	top 5%	True	CLIP top20%; abs(RNA_log2FC)<=0.5; TE_log2FC>=0.75	other
55	ENSMUSG00000028567.9	chr4;chr4;chr4;chr4;chr4;chr4;chr4;chr4;chr4;chr4;chr4	108691798;108691832;108703148;108703148;108710366;108713345;108714689;108715122;108716472;108716472;108718564	108692053;108692053;108703669;108703208;108710418;108713418;108715191;108715191;108716479;108716555;108719324	+;+;+;+;+;+;+;+;+;+;+	2253	913	208	543	544	931	718	Txndc12	protein_coding	66.979949	39.99357	44.009376	55.801814	87.056845	55.519964	0.7425107	-0.34180976	0.64801115	0.98982091	True	0.1	True	True	True	True	True	True	5-20%	True	CLIP top20%; abs(RNA_log2FC)<=0.5; TE_log2FC>=0.75	other
56	ENSMUSG00000028657.15	chr4;chr4;chr4;chr4;chr4;chr4;chr4;chr4;chr4;chr4;chr4;chr4;chr4;chr4;chr4;chr4;chr4;chr4;chr4;chr4;chr4;chr4;chr4;chr4;chr4;chr4;chr4;chr4;chr4;chr4	122730035;122730039;122730043;122730047;122737120;122737788;122737788;122737788;122737788;122738211;122738211;122738211;122738211;122739764;122739764;122739764;122739764;122742226;122742226;122742226;122742226;122743400;122747384;122747384;122748173;122748173;122749599;122749599;122751303;122751303	122730172;122730172;122730172;122730172;122737222;122737897;122737897;122737897;122737897;122738338;122738338;122738338;122738338;122739834;122739834;122739834;122739834;122742328;122742328;122742768;122742328;122744052;122747474;122747474;122748271;122748271;122749670;122749670;122752968;122752871	+;+;+;+;+;+;+;+;+;+;+;+;+;+;+;+;+;+;+;+;+;+;+;+;+;+;+;+;+;+	3674	610	116	335	273	445	279	Ppt1	protein_coding	44.751116	22.304106	27.151272	28.003484	41.611489	21.573914	1.0013807	-0.044425401	0.94448512	0.98891052	True	0.1	True	True	True	True	True	True	5-20%	True	CLIP top20%; abs(RNA_log2FC)<=0.5; TE_log2FC>=0.75	other
57	ENSMUSG00000023830.15	chr17;chr17;chr17;chr17;chr17;chr17;chr17;chr17;chr17;chr17;chr17;chr17;chr17;chr17;chr17;chr17;chr17;chr17;chr17;chr17;chr17;chr17;chr17;chr17;chr17;chr17;chr17;chr17;chr17;chr17;chr17;chr17;chr17;chr17;chr17;chr17;chr17;chr17;chr17;chr17;chr17;chr17;chr17;chr17;chr17;chr17;chr17;chr17;chr17;chr17;chr17;chr17;chr17;chr17	12901293;12904025;12904478;12905509;12907203;12907877;12909019;12910044;12910770;12911526;12911961;12912890;12914173;12916212;12916973;12917412;12917414;12918067;12918067;12919229;12919229;12920107;12920107;12920820;12921084;12922248;12923159;12923520;12923784;12924575;12928266;12929524;12930906;12932848;12933760;12934265;12934760;12935456;12936160;12937539;12938700;12941015;12944202;12945077;12945558;12950295;12952684;12954854;12958174;12959169;12967531;12967540;12969574;12988287	12903013;12904094;12904621;12905695;12907390;12908023;12909133;12910180;12911004;12911672;12912168;12913051;12914322;12916430;12917229;12917531;12917838;12918193;12918193;12919419;12919419;12920166;12920243;12920917;12921214;12922463;12923246;12923695;12923927;12924739;12928461;12929628;12931007;12933027;12933928;12934380;12934934;12935603;12936297;12937682;12938837;12941179;12944305;12945242;12945720;12950400;12952813;12954986;12958272;12959293;12967670;12967670;12969687;12988551	-;-;-;-;-;-;-;-;-;-;-;-;-;-;-;-;-;-;-;-;-;-;-;-;-;-;-;-;-;-;-;-;-;-;-;-;-;-;-;-;-;-;-;-;-;-;-;-;-;-;-;-;-;-	9308	9397	1122	2143	2117	9305	7096	Igf2r	protein_coding	689.38727	215.73455	173.68709	217.15522	870.1009	548.70427	1.6755981	-0.3220699	0.66505681	0.98712671	True	0.1	True	True	True	True	True	True	top 5%	True	CLIP top20%; abs(RNA_log2FC)<=0.5; TE_log2FC>=0.75	other
58	ENSMUSG00000041594.19	chr14;chr14;chr14;chr14;chr14;chr14;chr14;chr14;chr14;chr14;chr14;chr14;chr14;chr14;chr14;chr14;chr14;chr14;chr14;chr14;chr14;chr14;chr14;chr14;chr14;chr14;chr14;chr14;chr14;chr14;chr14;chr14;chr14;chr14;chr14;chr14;chr14;chr14;chr14;chr14;chr14;chr14;chr14;chr14;chr14;chr14;chr14;chr14;chr14;chr14;chr14;chr14;chr14;chr14;chr14;chr14;chr14;chr14;chr14;chr14;chr14;chr14;chr14;chr14;chr14;chr14;chr14;chr14;chr14;chr14;chr14;chr14;chr14;chr14;chr14;chr14;chr14;chr14;chr14;chr14;chr14;chr14;chr14;chr14;chr14;chr14;chr14;chr14;chr14;chr14;chr14;chr14;chr14;chr14;chr14;chr14;chr14;chr14;chr14;chr14;chr14;chr14;chr14;chr14;chr14;chr14;chr14;chr14;chr14;chr14;chr14;chr14;chr14;chr14;chr14;chr14;chr14;chr14;chr14	123156383;123156390;123157143;123157172;123157318;123157390;123158645;123158645;123158645;123158645;123158645;123158645;123162218;123163376;123163376;123163376;123163376;123163376;123164964;123164964;123164964;123164964;123164964;123164964;123169897;123170232;123170232;123170232;123170232;123170232;123170509;123170509;123170509;123170509;123170509;123170509;123170740;123170740;123170740;123170740;123170740;123170740;123173256;123178717;123178717;123178717;123178717;123178717;123179227;123179227;123179227;123179227;123179227;123180567;123180567;123180567;123180567;123180661;123182086;123182086;123182086;123182086;123182086;123182086;123182159;123182920;123182920;123182920;123182920;123182920;123182920;123182920;123187901;123187901;123187901;123187901;123187901;123187901;123187901;123192043;123200710;123200710;123200710;123200710;123200710;123209152;123209152;123209152;123209152;123209152;123209152;123209268;123210582;123210582;123210582;123210582;123210582;123210582;123210582;123210582;123215486;123215486;123215486;123215486;123215486;123215486;123215538;123215580;123215580;123217283;123220351;123220351;123220351;123220584;123220584;123220584;123220584;123220798;123221303	123157555;123157555;123157555;123157555;123157555;123157555;123159334;123158714;123158714;123158714;123158714;123158714;123163488;123163488;123163488;123163488;123163488;123163488;123166545;123165078;123165078;123165078;123165078;123165078;123170373;123170373;123170373;123170373;123170373;123170373;123170616;123170616;123170616;123170616;123170616;123170616;123170819;123170819;123170819;123170819;123170931;123170819;123173443;123178848;123178848;123178848;123178848;123178848;123179398;123179398;123179398;123179398;123179398;123180769;123180769;123180769;123180769;123180769;123182250;123182250;123182250;123182250;123182272;123182250;123182250;123183012;123183012;123183012;123183012;123183012;123183012;123183012;123188001;123188001;123188004;123188004;123188004;123188004;123188004;123192327;123200797;123200797;123200797;123200797;123200797;123209368;123209368;123209368;123209368;123209368;123209368;123209368;123210697;123210697;123210697;123210697;123210697;123210697;123210697;123210697;123215706;123215698;123215698;123215698;123215698;123215698;123215698;123215698;123215698;123217486;123220581;123220554;123220554;123220687;123220652;123220629;123220695;123220886;123221447	-;-;-;-;-;-;-;-;-;-;-;-;-;-;-;-;-;-;-;-;-;-;-;-;-;-;-;-;-;-;-;-;-;-;-;-;-;-;-;-;-;-;-;-;-;-;-;-;-;-;-;-;-;-;-;-;-;-;-;-;-;-;-;-;-;-;-;-;-;-;-;-;-;-;-;-;-;-;-;-;-;-;-;-;-;-;-;-;-;-;-;-;-;-;-;-;-;-;-;-;-;-;-;-;-;-;-;-;-;-;-;-;-;-;-;-;-;-;-	8280	332	81	159	132	157	100	Tmtc4	protein_coding	24.356345	15.574419	12.886723	13.540146	14.680907	7.7325855	0.64179683	-0.070821629	0.91617429	0.98699592	True	0.1	True	True	True	True	True	True	5-20%	True	CLIP top20%; abs(RNA_log2FC)<=0.5; TE_log2FC>=0.75	other
59	ENSMUSG00000034126.6	chr12;chr12;chr12;chr12;chr12;chr12;chr12;chr12;chr12;chr12;chr12;chr12;chr12;chr12;chr12;chr12;chr12;chr12;chr12;chr12;chr12;chr12;chr12;chr12;chr12;chr12;chr12;chr12;chr12;chr12;chr12;chr12;chr12;chr12;chr12;chr12;chr12;chr12;chr12;chr12;chr12;chr12;chr12;chr12;chr12;chr12;chr12;chr12;chr12;chr12;chr12;chr12;chr12	87153635;87155578;87156778;87156778;87157076;87157076;87158111;87158111;87158298;87158653;87158653;87163305;87163305;87164159;87164159;87164713;87164713;87165792;87166346;87166346;87169616;87169616;87169616;87171586;87171586;87171586;87171887;87174076;87174076;87175727;87175727;87175727;87177063;87177063;87177063;87178446;87178446;87178446;87180134;87180134;87180134;87182269;87182269;87182269;87184777;87184777;87184777;87186418;87186418;87186418;87193945;87193945;87193945	87156067;87156067;87156892;87156892;87157216;87157216;87158357;87158216;87158357;87158724;87158724;87163381;87163381;87164250;87164250;87164864;87164864;87166424;87166424;87166424;87169685;87169685;87169685;87171636;87171652;87171652;87174185;87174185;87174185;87175809;87175809;87175809;87177169;87177169;87177169;87178605;87178605;87178605;87180242;87180242;87180242;87182377;87182377;87182377;87184881;87184881;87184881;87186502;87186502;87186502;87194742;87194248;87194676	-;-;-;-;-;-;-;-;-;-;-;-;-;-;-;-;-;-;-;-;-;-;-;-;-;-;-;-;-;-;-;-;-;-;-;-;-;-;-;-;-;-;-;-;-;-;-;-;-;-;-;-;-	7954	431	86	181	148	191	120	Pomt2	protein_coding	31.619231	16.535803	14.669792	15.181376	17.860212	9.2791026	0.93106629	-0.049124947	0.93728257	0.98640752	True	0.1	True	True	True	True	True	True	5-20%	True	CLIP top20%; abs(RNA_log2FC)<=0.5; TE_log2FC>=0.75	other
60	ENSMUSG00000073678.5	chr1;chr1;chr1;chr1;chr1;chr1;chr1;chr1;chr1;chr1;chr1;chr1;chr1;chr1;chr1;chr1;chr1;chr1;chr1;chr1;chr1;chr1;chr1;chr1;chr1;chr1;chr1;chr1;chr1;chr1;chr1;chr1;chr1;chr1;chr1;chr1;chr1;chr1;chr1;chr1;chr1	54512153;54521011;54525629;54529380;54531188;54532368;54533960;54536693;54549187;54550553;54551060;54551756;54551931;54553996;54560451;54563443;54563475;54564527;54564527;54565359;54567671;54567671;54569276;54569276;54570013;54570013;54571181;54571181;54572578;54572578;54575114;54575114;54582197;54582197;54587098;54587098;54590136;54590136;54593762;54596593;54596593	54520003;54521115;54525816;54529430;54531323;54532565;54534050;54536786;54549225;54550661;54551126;54551807;54552004;54554071;54560528;54563526;54563526;54564573;54564573;54568605;54567754;54567754;54569331;54569331;54570118;54570118;54571247;54571247;54572630;54572630;54575271;54575271;54582368;54582368;54587273;54587273;54590289;54590289;54596786;54596843;54596841	-;-;-;-;-;-;-;-;-;-;-;-;-;-;-;-;-;-;-;-;-;-;-;-;-;-;-;-;-;-;-;-;-;-;-;-;-;-;-;-;-	16611	3097	431	1199	896	972	561	Pgap1	protein_coding	227.20362	82.871292	97.17724	91.90887	90.890712	43.379805	1.4539365	0.080329347	1.0653738	0.98504448	True	0.1	True	True	True	True	True	True	top 5%	True	CLIP top20%; abs(RNA_log2FC)<=0.5; TE_log2FC>=0.75	other
61	ENSMUSG00000040396.13	chr8;chr8;chr8;chr8;chr8	10027707;10027717;10032864;10037385;10037385	10028019;10028019;10032970;10042155;10042155	+;+;+;+;+	5191	1532	203	408	451	146	125	Abhd13	protein_coding	112.39133	39.032186	33.067818	46.262166	13.652309	9.6657319	1.5233862	-0.48316385	0.49387374	0.97703759	True	0.1	True	True	True	True	True	True	top 5%	True	CLIP top20%; abs(RNA_log2FC)<=0.5; TE_log2FC>=0.75	other
62	ENSMUSG00000040693.8	chr1;chr1;chr1;chr1;chr1;chr1;chr1;chr1;chr1;chr1;chr1;chr1;chr1	96743995;96748908;96751422;96756516;96759711;96764605;96765179;96766892;96768855;96770179;96772201;96795450;96799492	96746832;96749045;96751486;96756700;96759864;96764800;96765323;96767010;96768976;96770275;96772380;96795713;96799896	-;-;-;-;-;-;-;-;-;-;-;-;-	4908	1752	137	308	344	409	355	Slco4c1	protein_coding	128.53107	26.341919	24.962961	35.286441	38.245166	27.450679	2.2823404	-0.49763982	0.47695685	0.97459668	True	0.1	True	True	True	True	True	True	top 5%	True	CLIP top20%; abs(RNA_log2FC)<=0.5; TE_log2FC>=0.75	transporter_or_channel_symbol
63	ENSMUSG00000046873.19	chrX;chrX;chrX;chrX;chrX;chrX;chrX;chrX;chrX;chrX;chrX;chrX;chrX;chrX;chrX;chrX;chrX;chrX;chrX;chrX;chrX;chrX;chrX;chrX;chrX;chrX;chrX;chrX;chrX;chrX;chrX;chrX;chrX;chrX;chrX;chrX;chrX;chrX;chrX;chrX;chrX;chrX;chrX;chrX;chrX;chrX;chrX;chrX	156318367;156330820;156333928;156335912;156335912;156337879;156337879;156338593;156338593;156341881;156341881;156344379;156344379;156348942;156348943;156351137;156351930;156352062;156354215;156355855;156355855;156355855;156355855;156355944;156359080;156359080;156359080;156359080;156359080;156359080;156362665;156374053;156374350;156374350;156374350;156374350;156374350;156376721;156376721;156376721;156376721;156376721;156381492;156381492;156381492;156381492;156381492;156381492	156318469;156334146;156334146;156335987;156335987;156338074;156338074;156338687;156338687;156342061;156342061;156344497;156344497;156352094;156352094;156351812;156352001;156352094;156355982;156355982;156355982;156355982;156355982;156355982;156359183;156359183;156359183;156359183;156359183;156359183;156362779;156374551;156374551;156374551;156374551;156374551;156374551;156376869;156376869;156376869;156376869;156376869;156381639;156381675;156381647;156381646;156381646;156381711	-;-;-;-;-;-;-;-;-;-;-;-;-;-;-;-;-;-;-;-;-;-;-;-;-;-;-;-;-;-;-;-;-;-;-;-;-;-;-;-;-;-;-;-;-;-;-;-	10105	1000	252	433	426	327	250	Mbtps2	protein_coding	73.362485	48.453749	35.094033	43.697744	30.577431	19.331464	0.59742502	-0.31552574	0.65878308	0.97430882	True	0.1	True	True	True	True	True	True	5-20%	True	CLIP top20%; abs(RNA_log2FC)<=0.5; TE_log2FC>=0.75	other
64	ENSMUSG00000004319.16	chr8;chr8;chr8;chr8;chr8;chr8;chr8;chr8;chr8;chr8;chr8;chr8;chr8;chr8;chr8;chr8;chr8;chr8;chr8;chr8;chr8;chr8;chr8;chr8;chr8;chr8;chr8;chr8;chr8;chr8;chr8;chr8;chr8;chr8;chr8;chr8;chr8;chr8;chr8;chr8;chr8;chr8;chr8;chr8;chr8;chr8;chr8;chr8;chr8;chr8;chr8;chr8;chr8;chr8;chr8;chr8;chr8;chr8;chr8;chr8;chr8;chr8;chr8;chr8;chr8;chr8;chr8;chr8;chr8;chr8;chr8;chr8;chr8;chr8;chr8;chr8;chr8;chr8;chr8;chr8;chr8;chr8;chr8;chr8;chr8;chr8;chr8;chr8;chr8;chr8;chr8;chr8;chr8;chr8	61363423;61363423;61363895;61364930;61364957;61364957;61364957;61367612;61367787;61367787;61372374;61372374;61372374;61372374;61372374;61372374;61372374;61375824;61375824;61375824;61375824;61375824;61375824;61375824;61380266;61380266;61380266;61380266;61380266;61381329;61382105;61382105;61382105;61382105;61382105;61382105;61383715;61383715;61383715;61383715;61383715;61383715;61386115;61386115;61386115;61386115;61386115;61386115;61386115;61387519;61387519;61387519;61387519;61387519;61387519;61387519;61388391;61390334;61390334;61390334;61390334;61390334;61390334;61390334;61391582;61391582;61391582;61391582;61391582;61391582;61391582;61391582;61391674;61394291;61394291;61394291;61394291;61394291;61394291;61394291;61394291;61407577;61407577;61407577;61407577;61428766;61428766;61428766;61428766;61435810;61435810;61435810;61435810;61435810	61366209;61366209;61366209;61366209;61366209;61366209;61366209;61367862;61367862;61367862;61372590;61372590;61372590;61372590;61372590;61372590;61372590;61376222;61376222;61380452;61376222;61375994;61376222;61376222;61380452;61380452;61380452;61380452;61380452;61383795;61382650;61382650;61382650;61382650;61382650;61382650;61383795;61383795;61383795;61383795;61383795;61383795;61386321;61386321;61386321;61386321;61386321;61386321;61386321;61387641;61387641;61387641;61387641;61387641;61387641;61387641;61390521;61390521;61390521;61390521;61390521;61390521;61390521;61390521;61391681;61391681;61391681;61391681;61391681;61391681;61391681;61391681;61394448;61394448;61394448;61394448;61394448;61394448;61394448;61394448;61394448;61407813;61408267;61407782;61408267;61428941;61428941;61428941;61428941;61436320;61436278;61436273;61436273;61436334	-;-;-;-;-;-;-;-;-;-;-;-;-;-;-;-;-;-;-;-;-;-;-;-;-;-;-;-;-;-;-;-;-;-;-;-;-;-;-;-;-;-;-;-;-;-;-;-;-;-;-;-;-;-;-;-;-;-;-;-;-;-;-;-;-;-;-;-;-;-;-;-;-;-;-;-;-;-;-;-;-;-;-;-;-;-;-;-;-;-;-;-;-;-	17071	4451	611	1715	1439	1439	942	Clcn3	protein_coding	326.53642	117.48111	138.9983	147.60811	134.5594	72.840956	1.4740293	-0.086644182	0.88451391	0.97115809	True	0.1	True	True	True	True	True	True	top 5%	True	CLIP top20%; abs(RNA_log2FC)<=0.5; TE_log2FC>=0.75	transporter_or_channel_symbol
65	ENSMUSG00000013622.16	chr5;chr5;chr5;chr5;chr5;chr5;chr5;chr5;chr5;chr5;chr5;chr5;chr5;chr5;chr5;chr5;chr5;chr5;chr5;chr5;chr5;chr5;chr5;chr5;chr5;chr5;chr5;chr5;chr5;chr5;chr5;chr5;chr5;chr5;chr5;chr5;chr5;chr5;chr5;chr5;chr5;chr5;chr5;chr5;chr5	31205656;31205665;31205979;31205992;31206003;31206066;31206129;31206806;31206806;31206806;31206806;31206806;31206806;31206806;31209541;31209541;31209541;31209541;31209541;31209541;31209541;31209806;31209806;31209806;31209806;31209806;31210107;31210107;31210107;31210107;31210107;31210107;31211214;31211305;31211305;31211305;31211305;31211305;31211305;31211607;31211607;31211607;31211607;31211607;31211659	31205776;31206100;31206100;31206100;31206100;31206100;31206408;31206924;31206924;31206924;31206827;31206924;31206924;31206924;31209612;31209612;31209612;31209612;31209612;31210228;31209612;31209877;31209877;31209877;31209877;31209877;31210228;31210228;31210228;31210228;31210228;31210113;31211402;31211402;31211402;31211402;31211337;31211402;31211402;31211737;31211967;31211962;31211967;31211961;31211688	+;+;+;+;+;+;+;+;+;+;+;+;+;+;+;+;+;+;+;+;+;+;+;+;+;+;+;+;+;+;+;+;+;+;+;+;+;+;+;+;+;+;+;+;+	2082	217	54	167	134	411	257	Atraid	protein_coding	15.919659	10.382946	13.535112	13.7453	38.432184	19.872745	0.61179923	-0.022069757	0.94803134	0.9701011	True	0.1	True	True	True	True	True	True	5-20%	True	CLIP top20%; abs(RNA_log2FC)<=0.5; TE_log2FC>=0.75	other
66	ENSMUSG00000021065.17	chr12;chr12;chr12;chr12;chr12;chr12;chr12;chr12;chr12;chr12;chr12;chr12;chr12;chr12;chr12;chr12;chr12;chr12;chr12;chr12;chr12;chr12;chr12;chr12;chr12;chr12;chr12;chr12;chr12;chr12;chr12;chr12;chr12;chr12;chr12;chr12;chr12;chr12;chr12;chr12;chr12;chr12;chr12;chr12;chr12;chr12;chr12;chr12;chr12;chr12;chr12;chr12;chr12;chr12;chr12;chr12;chr12;chr12;chr12;chr12	77284899;77284922;77285587;77285817;77285839;77324135;77324135;77324135;77324135;77324135;77325718;77370619;77370619;77370619;77370619;77378670;77378670;77378670;77378670;77411743;77411743;77411743;77411743;77411971;77411971;77411971;77411971;77435638;77440497;77440497;77440497;77440497;77440497;77456915;77459486;77459486;77459486;77459486;77459486;77459486;77495247;77495247;77495247;77495247;77495247;77496874;77496874;77496874;77496874;77496874;77510834;77510834;77510834;77510834;77510834;77521773;77521773;77521773;77521773;77521773	77284973;77284973;77286027;77286027;77286027;77324229;77327247;77324229;77324229;77324229;77325806;77370711;77370711;77370711;77370711;77379103;77379103;77379103;77379103;77411858;77411858;77411858;77411858;77412133;77412133;77412133;77412133;77435797;77440611;77440611;77440611;77440611;77440611;77457209;77459723;77459723;77459723;77460467;77459723;77459723;77495493;77495493;77495493;77495493;77495493;77497050;77497050;77497050;77497050;77497050;77510984;77510984;77510984;77510984;77510984;77522763;77522763;77523112;77522656;77522759	+;+;+;+;+;+;+;+;+;+;+;+;+;+;+;+;+;+;+;+;+;+;+;+;+;+;+;+;+;+;+;+;+;+;+;+;+;+;+;+;+;+;+;+;+;+;+;+;+;+;+;+;+;+;+;+;+;+;+;+	7902	726	67	220	246	201	175	Fut8	protein_coding	53.261164	12.882544	17.830686	25.233909	18.795302	13.532025	2.039217	-0.49863897	0.47102769	0.96966666	True	0.1	True	True	True	True	True	True	top 5%	True	CLIP top20%; abs(RNA_log2FC)<=0.5; TE_log2FC>=0.75	other
67	ENSMUSG00000006800.15	chr2;chr2;chr2;chr2;chr2;chr2;chr2;chr2;chr2;chr2;chr2;chr2;chr2;chr2;chr2;chr2;chr2;chr2;chr2;chr2;chr2;chr2;chr2;chr2;chr2;chr2;chr2;chr2;chr2;chr2;chr2;chr2;chr2;chr2;chr2;chr2;chr2;chr2;chr2;chr2;chr2;chr2;chr2;chr2;chr2;chr2;chr2;chr2;chr2;chr2;chr2;chr2;chr2;chr2;chr2;chr2;chr2;chr2;chr2;chr2;chr2;chr2;chr2;chr2;chr2;chr2;chr2;chr2;chr2;chr2;chr2;chr2;chr2;chr2;chr2;chr2;chr2;chr2	165915009;165915834;165915840;165916590;165916735;165917415;165917415;165917415;165917415;165917415;165917692;165917692;165917692;165917692;165917692;165919438;165919438;165919438;165919438;165920957;165920957;165920957;165921380;165921380;165921380;165921937;165921937;165921937;165922717;165922717;165922717;165923207;165923207;165923207;165923398;165923398;165923398;165924494;165924494;165924494;165925776;165925776;165925776;165926306;165926306;165926306;165927603;165927603;165927603;165928906;165928906;165928906;165931118;165931118;165931118;165935375;165935375;165935375;165935436;165936398;165936398;165936398;165936398;165958792;165958792;165958792;165958792;165974508;165974508;165974508;165974508;165974513;165983634;165996265;165996598;165996867;165997423;165997423	165916738;165916738;165916738;165916738;165916738;165917468;165917468;165917468;165917468;165917468;165917725;165917938;165917725;165917725;165917725;165920039;165919561;165919561;165919561;165921099;165921099;165921099;165921549;165921549;165921549;165921996;165921996;165921996;165922811;165922811;165922811;165923303;165923303;165923303;165923626;165923626;165923626;165924704;165924704;165924704;165925905;165925905;165925905;165926362;165926362;165926362;165927731;165927731;165927731;165929081;165929081;165929081;165931268;165931268;165931268;165935544;165935544;165935544;165935544;165936549;165936549;165936549;165936549;165959031;165959031;165959031;165959031;165974774;165974774;165974774;165974774;165974774;165983686;165996343;165996726;165997205;165997583;165997583	-;-;-;-;-;-;-;-;-;-;-;-;-;-;-;-;-;-;-;-;-;-;-;-;-;-;-;-;-;-;-;-;-;-;-;-;-;-;-;-;-;-;-;-;-;-;-;-;-;-;-;-;-;-;-;-;-;-;-;-;-;-;-;-;-;-;-;-;-;-;-;-;-;-;-;-;-;-	5871	3076	828	3420	1980	9198	4163	Sulf2	protein_coding	225.663	159.20517	277.18612	203.10219	860.09544	321.90754	0.50301597	0.44845946	1.41757	0.96911058	True	0.1	True	True	True	True	True	True	5-20%	True	CLIP top20%; abs(RNA_log2FC)<=0.5; TE_log2FC>=0.75	other
68	ENSMUSG00000019889.11	chr10;chr10;chr10;chr10;chr10;chr10;chr10;chr10;chr10;chr10;chr10;chr10;chr10;chr10;chr10;chr10;chr10;chr10;chr10;chr10;chr10;chr10;chr10;chr10;chr10;chr10;chr10;chr10;chr10;chr10;chr10;chr10;chr10;chr10;chr10;chr10;chr10;chr10;chr10;chr10;chr10;chr10;chr10;chr10;chr10;chr10;chr10;chr10;chr10;chr10;chr10;chr10;chr10;chr10;chr10;chr10;chr10;chr10;chr10;chr10;chr10;chr10;chr10;chr10;chr10;chr10;chr10;chr10;chr10;chr10;chr10;chr10;chr10;chr10;chr10;chr10;chr10;chr10;chr10;chr10;chr10;chr10;chr10;chr10;chr10;chr10;chr10;chr10;chr10;chr10;chr10;chr10;chr10;chr10;chr10;chr10;chr10;chr10;chr10;chr10;chr10;chr10;chr10;chr10;chr10;chr10;chr10;chr10;chr10;chr10;chr10;chr10;chr10;chr10;chr10;chr10;chr10;chr10;chr10;chr10;chr10;chr10;chr10;chr10;chr10;chr10;chr10;chr10;chr10;chr10;chr10;chr10;chr10;chr10;chr10;chr10;chr10;chr10;chr10;chr10;chr10;chr10;chr10;chr10;chr10;chr10;chr10;chr10;chr10;chr10;chr10;chr10;chr10;chr10;chr10	27950816;27950850;27950850;27950853;27950863;27950901;27950918;27951006;28082130;28082130;28082130;28082130;28082130;28082130;28082130;28139497;28139497;28139497;28139497;28139497;28139497;28139497;28210472;28210472;28210472;28210472;28210472;28210472;28212418;28212418;28212418;28212418;28212418;28212418;28230601;28230601;28230601;28230601;28230601;28230601;28259427;28259427;28259427;28259427;28259427;28259427;28341754;28341754;28341754;28341754;28341754;28341754;28348944;28348944;28348944;28348944;28348944;28348944;28351081;28351081;28351081;28351081;28351081;28351081;28359184;28359184;28359184;28359184;28359184;28359184;28368910;28368910;28368910;28368910;28368910;28368910;28372905;28372905;28372905;28372905;28372905;28372905;28374339;28427614;28427614;28427614;28427614;28427614;28430766;28436001;28436001;28436001;28436001;28436147;28438103;28438103;28438103;28440091;28441092;28442491;28442491;28442491;28444323;28444323;28444323;28445893;28445893;28445893;28446170;28446170;28446170;28449364;28449364;28449364;28450815;28450815;28450815;28451586;28451586;28451586;28456389;28456389;28456389;28456455;28461556;28461556;28461556;28461556;28461919;28461919;28461919;28461919;28462904;28462904;28462904;28462904;28462989;28464924;28464924;28464924;28464924;28465255;28465255;28465255;28465255;28467881;28467881;28467881;28467881;28468766;28468766;28468766;28471798;28471798;28471798	27951173;27951173;27951173;27951173;27951173;27953264;27951173;27951173;28082252;28082252;28082252;28082252;28082252;28082252;28082252;28140669;28139768;28139768;28139768;28139768;28139768;28139768;28210553;28210553;28210553;28210553;28210553;28210553;28212533;28212533;28212533;28212533;28212533;28212533;28230775;28230775;28230775;28230775;28230775;28230775;28259720;28259720;28259720;28259720;28259720;28259720;28342056;28342056;28342056;28342056;28342056;28342056;28349053;28349053;28349053;28349053;28349053;28349053;28351282;28351282;28351282;28351282;28351282;28351282;28359289;28359289;28359289;28359289;28359289;28359289;28369183;28369183;28369183;28369183;28369183;28369183;28372941;28372941;28372941;28372941;28372941;28372941;28374458;28428194;28427752;28427752;28427752;28427752;28430795;28437406;28436161;28436161;28436161;28436161;28438138;28438138;28438138;28440102;28441432;28442675;28442675;28442675;28444410;28444410;28444410;28445969;28445969;28445969;28446187;28446187;28446187;28449400;28449400;28449400;28450912;28450912;28450912;28451702;28451702;28451702;28456543;28456543;28456543;28456543;28461691;28461691;28461691;28461691;28462086;28462068;28462068;28462068;28463077;28463077;28463077;28463077;28465160;28465055;28465055;28465055;28465055;28465380;28465380;28465380;28465380;28467901;28468044;28468044;28468044;28468901;28468901;28468901;28471962;28471955;28473393	+;+;+;+;+;+;+;+;+;+;+;+;+;+;+;+;+;+;+;+;+;+;+;+;+;+;+;+;+;+;+;+;+;+;+;+;+;+;+;+;+;+;+;+;+;+;+;+;+;+;+;+;+;+;+;+;+;+;+;+;+;+;+;+;+;+;+;+;+;+;+;+;+;+;+;+;+;+;+;+;+;+;+;+;+;+;+;+;+;+;+;+;+;+;+;+;+;+;+;+;+;+;+;+;+;+;+;+;+;+;+;+;+;+;+;+;+;+;+;+;+;+;+;+;+;+;+;+;+;+;+;+;+;+;+;+;+;+;+;+;+;+;+;+;+;+;+;+;+;+;+;+;+;+;+	13328	2759	408	1171	890	2044	1214	Ptprk	protein_coding	202.4071	78.448926	94.90788	91.293409	191.13232	93.873588	1.366309	0.055957051	1.0249991	0.96904208	True	0.1	True	True	True	True	True	True	5-20%	True	CLIP top20%; abs(RNA_log2FC)<=0.5; TE_log2FC>=0.75	other
69	ENSMUSG00000038280.13	chr10;chr10;chr10;chr10;chr10;chr10;chr10;chr10;chr10;chr10;chr10;chr10;chr10;chr10;chr10;chr10;chr10;chr10;chr10;chr10;chr10;chr10;chr10;chr10;chr10	42459818;42459831;42459834;42459976;42459976;42459976;42554912;42554962;42559156;42559156;42559156;42559156;42568907;42568907;42568907;42568907;42572246;42572246;42572246;42572246;42574104;42574104;42574104;42576479;42576479	42459862;42459862;42459862;42460116;42460727;42460116;42555393;42555393;42559270;42559270;42559270;42559270;42569004;42569004;42569004;42569004;42575987;42572413;42572413;42572413;42574269;42574269;42574319;42578455;42576488	+;+;+;+;+;+;+;+;+;+;+;+;+;+;+;+;+;+;+;+;+;+;+;+;+	7211	804	66	331	259	318	194	Ostm1	protein_coding	58.983438	12.690267	26.827078	26.567408	29.73585	15.001216	2.2077073	0.013980088	0.98238217	0.96840208	True	0.1	True	True	True	True	True	True	top 5%	True	CLIP top20%; abs(RNA_log2FC)<=0.5; TE_log2FC>=0.75	other
70	ENSMUSG00000037400.18	chr3;chr3;chr3;chr3;chr3;chr3;chr3;chr3;chr3;chr3;chr3;chr3;chr3;chr3;chr3;chr3;chr3;chr3;chr3;chr3;chr3;chr3;chr3;chr3;chr3;chr3;chr3;chr3;chr3;chr3;chr3;chr3;chr3;chr3;chr3;chr3;chr3;chr3;chr3;chr3;chr3;chr3;chr3;chr3;chr3;chr3;chr3;chr3;chr3;chr3;chr3;chr3;chr3;chr3;chr3;chr3;chr3;chr3;chr3;chr3;chr3;chr3;chr3;chr3;chr3;chr3;chr3;chr3;chr3;chr3;chr3;chr3;chr3;chr3;chr3;chr3;chr3;chr3;chr3;chr3;chr3;chr3;chr3;chr3;chr3;chr3;chr3;chr3;chr3;chr3;chr3;chr3;chr3;chr3;chr3;chr3;chr3;chr3;chr3;chr3;chr3;chr3;chr3;chr3;chr3;chr3;chr3;chr3;chr3;chr3;chr3;chr3;chr3;chr3;chr3;chr3;chr3;chr3;chr3;chr3;chr3;chr3;chr3;chr3;chr3;chr3;chr3;chr3;chr3;chr3;chr3;chr3	35808255;35808283;35808283;35808283;35832174;35832174;35832174;35836661;35836661;35836661;35838656;35838656;35838656;35842236;35842236;35842236;35842264;35842575;35842575;35842575;35842575;35843707;35843707;35843707;35843707;35843755;35849908;35849908;35849908;35849908;35849908;35852743;35852743;35852743;35852743;35852743;35854633;35854633;35854633;35854633;35854633;35859883;35859883;35859883;35859883;35859883;35860917;35860917;35860917;35860917;35860996;35861991;35863506;35863506;35863506;35863506;35863506;35864270;35864270;35864270;35864270;35864270;35864795;35864795;35864795;35864795;35866212;35866212;35866212;35866212;35866362;35866362;35866362;35866362;35868193;35868193;35868193;35868193;35874058;35874058;35874058;35874058;35881094;35881094;35881094;35881094;35881199;35882750;35882750;35882750;35882750;35882750;35883566;35885515;35885515;35885515;35887070;35887070;35887070;35888444;35888444;35888444;35889388;35889388;35889388;35891108;35891108;35891108;35891635;35891635;35891635;35892870;35893198;35893198;35893198;35893203;35895179;35895179;35897720;35897720;35903583;35903583;35903583;35903583;35903583;35903583;35909254;35909254;35909254;35909254;35909254;35910221	35810160;35808559;35808559;35808559;35832290;35832290;35832290;35836750;35836750;35836750;35838736;35838736;35838736;35842343;35842343;35842343;35842343;35842703;35842703;35842703;35842703;35843810;35843810;35843810;35843810;35843810;35849955;35849955;35849955;35849955;35849955;35852807;35852807;35852807;35852807;35852807;35854714;35854714;35854714;35854714;35854714;35860028;35860033;35860033;35860033;35860033;35861114;35861114;35861114;35861114;35861117;35862237;35863745;35863745;35863745;35863745;35863745;35864430;35864445;35864445;35864445;35864445;35864863;35864863;35864863;35864863;35866285;35866285;35866285;35866285;35866465;35866465;35866465;35866465;35868374;35868374;35868374;35868374;35874261;35874261;35874261;35874261;35881247;35881247;35881247;35881247;35881247;35883338;35882852;35882852;35882852;35882852;35883837;35885660;35885660;35885660;35887129;35887129;35887129;35888571;35888571;35888571;35889526;35889526;35889526;35891173;35891173;35891173;35891738;35891738;35893363;35893363;35893363;35893363;35893363;35893363;35895264;35895264;35897845;35897845;35903713;35903713;35903713;35903713;35903713;35903713;35909377;35910420;35910423;35910425;35910420;35910425	+;+;+;+;+;+;+;+;+;+;+;+;+;+;+;+;+;+;+;+;+;+;+;+;+;+;+;+;+;+;+;+;+;+;+;+;+;+;+;+;+;+;+;+;+;+;+;+;+;+;+;+;+;+;+;+;+;+;+;+;+;+;+;+;+;+;+;+;+;+;+;+;+;+;+;+;+;+;+;+;+;+;+;+;+;+;+;+;+;+;+;+;+;+;+;+;+;+;+;+;+;+;+;+;+;+;+;+;+;+;+;+;+;+;+;+;+;+;+;+;+;+;+;+;+;+;+;+;+;+;+;+	9176	4626	524	1765	1491	720	476	Atp11b	protein_coding	339.37486	100.75303	143.05073	152.9421	67.326453	36.807107	1.7510503	-0.096393558	0.86941605	0.96580961	True	0.1	True	True	True	True	True	True	top 5%	True	CLIP top20%; abs(RNA_log2FC)<=0.5; TE_log2FC>=0.75	transporter_or_channel_symbol
71	ENSMUSG00000032412.9	chr9;chr9;chr9;chr9;chr9;chr9;chr9;chr9;chr9;chr9;chr9;chr9	96214708;96217432;96220712;96220721;96222255;96222255;96225321;96225321;96227818;96227858;96231241;96246099	96215747;96217515;96220762;96220762;96222439;96222439;96225634;96225428;96227946;96227946;96231429;96246495	-;-;-;-;-;-;-;-;-;-;-;-	2389	2518	425	852	923	1368	1162	Atp1b3	protein_coding	184.72674	81.717632	69.053385	94.678446	127.92026	89.852644	1.1756898	-0.45475913	0.50913457	0.9638937	True	0.1	True	True	True	True	True	True	5-20%	True	CLIP top20%; abs(RNA_log2FC)<=0.5; TE_log2FC>=0.75	transporter_or_channel_symbol
72	ENSMUSG00000028096.14	chr3;chr3;chr3;chr3;chr3;chr3;chr3;chr3;chr3;chr3;chr3;chr3;chr3;chr3;chr3;chr3;chr3;chr3;chr3;chr3;chr3;chr3;chr3;chr3;chr3;chr3;chr3;chr3;chr3;chr3;chr3;chr3;chr3;chr3;chr3;chr3;chr3;chr3;chr3;chr3;chr3;chr3;chr3;chr3;chr3;chr3;chr3;chr3;chr3;chr3	96775597;96775907;96778802;96779793;96779793;96779793;96780776;96780776;96780776;96782944;96782944;96782944;96787390;96787390;96787839;96787930;96787937;96789835;96789835;96789835;96789835;96789835;96797225;96797225;96797225;96797225;96797225;96798119;96798119;96798119;96798119;96800182;96800182;96800182;96800182;96800182;96800814;96800814;96800814;96800833;96801548;96804649;96804649;96804649;96804649;96805808;96805808;96805808;96812498;96812498	96778910;96778910;96778910;96779858;96779858;96779858;96780865;96780865;96780865;96783524;96783039;96783039;96787482;96787482;96788025;96788025;96788025;96789944;96789944;96789944;96789944;96789944;96797305;96797305;96797305;96797305;96797305;96798239;96798239;96798239;96798239;96800283;96800283;96800283;96800239;96800283;96800920;96800920;96800920;96800920;96801731;96804752;96804752;96804752;96804752;96805867;96805863;96805867;96812628;96812662	-;-;-;-;-;-;-;-;-;-;-;-;-;-;-;-;-;-;-;-;-;-;-;-;-;-;-;-;-;-;-;-;-;-;-;-;-;-;-;-;-;-;-;-;-;-;-;-;-;-	5365	535	129	260	218	235	154	Gpr89	protein_coding	39.24893	24.803705	21.072629	22.361756	21.974606	11.908182	0.65996402	-0.085270307	0.87836999	0.9636403	True	0.1	True	True	True	True	True	True	5-20%	True	CLIP top20%; abs(RNA_log2FC)<=0.5; TE_log2FC>=0.75	other
73	ENSMUSG00000021756.13	chr13;chr13;chr13;chr13;chr13;chr13;chr13;chr13;chr13;chr13;chr13;chr13;chr13;chr13;chr13;chr13;chr13;chr13;chr13;chr13;chr13;chr13;chr13;chr13;chr13;chr13;chr13;chr13;chr13;chr13;chr13;chr13;chr13;chr13;chr13;chr13;chr13;chr13;chr13;chr13;chr13;chr13;chr13;chr13;chr13;chr13;chr13;chr13;chr13;chr13;chr13;chr13;chr13;chr13;chr13;chr13;chr13;chr13;chr13;chr13;chr13;chr13;chr13;chr13;chr13;chr13;chr13;chr13;chr13;chr13;chr13;chr13;chr13;chr13;chr13;chr13;chr13;chr13;chr13;chr13;chr13;chr13;chr13;chr13;chr13;chr13;chr13;chr13;chr13;chr13;chr13;chr13;chr13;chr13;chr13;chr13;chr13;chr13;chr13;chr13;chr13;chr13;chr13;chr13;chr13;chr13;chr13;chr13;chr13;chr13;chr13;chr13	112600604;112600615;112600646;112600775;112602261;112604127;112609121;112609121;112609121;112609121;112609133;112611542;112611565;112611565;112611565;112611565;112611565;112611565;112611580;112611580;112611580;112616519;112616519;112616519;112616519;112616519;112616519;112616519;112616519;112616519;112617958;112617958;112617958;112617958;112617958;112617958;112617958;112624243;112624243;112624243;112624243;112624243;112624243;112625038;112625038;112625038;112625038;112625038;112625038;112625038;112627017;112627017;112627017;112627017;112627017;112627017;112627017;112627678;112630123;112630123;112630123;112630123;112630123;112631113;112631113;112631113;112631113;112631113;112631113;112631724;112631724;112631724;112631724;112631724;112633819;112633819;112633819;112633819;112633819;112633819;112634256;112634256;112634256;112634256;112634256;112634256;112635283;112635283;112635283;112635283;112635283;112635283;112637647;112637647;112637647;112637647;112637647;112637647;112639325;112639325;112639325;112639325;112639325;112639325;112639325;112640239;112640239;112640239;112640239;112640239;112640239;112640239	112600784;112600784;112600784;112600784;112602460;112604209;112609207;112609207;112609207;112609207;112609207;112611643;112611643;112611643;112611643;112611643;112611643;112611643;112611643;112611643;112611643;112616824;112616614;112616824;112616824;112616591;112616824;112616824;112616824;112616824;112618078;112618078;112618078;112618078;112620150;112618078;112618078;112624403;112624403;112624403;112624403;112624403;112624403;112625192;112625192;112625192;112625192;112625192;112625192;112625192;112627176;112627176;112627176;112627176;112627176;112627176;112627176;112627720;112630205;112630205;112630205;112630205;112630205;112631323;112631323;112631323;112631323;112631323;112631323;112631906;112631906;112631906;112631906;112631906;112633920;112633920;112633920;112633920;112633920;112633920;112634402;112634402;112634402;112634402;112634402;112634402;112635423;112635423;112635423;112635423;112635423;112635423;112637743;112637743;112637675;112637743;112637743;112637743;112639406;112639406;112639406;112639406;112639406;112639406;112639406;112640979;112640293;112640293;112643394;112641079;112641025;112646620	+;+;+;+;+;+;+;+;+;+;+;+;+;+;+;+;+;+;+;+;+;+;+;+;+;+;+;+;+;+;+;+;+;+;+;+;+;+;+;+;+;+;+;+;+;+;+;+;+;+;+;+;+;+;+;+;+;+;+;+;+;+;+;+;+;+;+;+;+;+;+;+;+;+;+;+;+;+;+;+;+;+;+;+;+;+;+;+;+;+;+;+;+;+;+;+;+;+;+;+;+;+;+;+;+;+;+;+;+;+;+;+	11099	6629	697	1960	1738	3704	2580	Il6st	protein_coding	486.31991	134.01692	158.85521	178.27859	346.3572	199.50071	1.8587111	-0.16632221	0.79556031	0.96188251	True	0.1	True	True	True	True	True	True	top 5%	True	CLIP top20%; abs(RNA_log2FC)<=0.5; TE_log2FC>=0.75	other
74	ENSMUSG00000028476.14	chr4;chr4;chr4;chr4;chr4;chr4;chr4;chr4;chr4;chr4;chr4;chr4;chr4;chr4;chr4;chr4;chr4;chr4;chr4;chr4;chr4;chr4;chr4;chr4;chr4;chr4;chr4;chr4;chr4;chr4;chr4;chr4;chr4;chr4;chr4;chr4;chr4;chr4;chr4;chr4;chr4;chr4;chr4;chr4;chr4;chr4	43875530;43875530;43890964;43890964;43894819;43894819;43895850;43895850;43897995;43897995;43900070;43900070;43909580;43909580;43911932;43911932;43913785;43913785;43918314;43918314;43922812;43922812;43925061;43925061;43927146;43927146;43928277;43928277;43930193;43930193;43930576;43930889;43930889;43937310;43937310;43938889;43938889;43940398;43940657;43940657;43940657;43942274;43942274;43942274;43943144;43943144	43875705;43875705;43891022;43891022;43894893;43894893;43895886;43895886;43898080;43898080;43900117;43900117;43909613;43909613;43912129;43912129;43914052;43914052;43918493;43918493;43923024;43923024;43925197;43925197;43927286;43927286;43928465;43928465;43930315;43930315;43930752;43931060;43931060;43937502;43937502;43939099;43939099;43940566;43940730;43940730;43940730;43942382;43942429;43942429;43944806;43944745	+;+;+;+;+;+;+;+;+;+;+;+;+;+;+;+;+;+;+;+;+;+;+;+;+;+;+;+;+;+;+;+;+;+;+;+;+;+;+;+;+;+;+;+;+;+	4779	238	48	141	102	319	181	Reck	protein_coding	17.460271	9.2292854	11.427849	10.46284	29.829359	13.99598	0.91247666	0.12612554	1.0862776	0.96015209	True	0.1	True	True	True	True	True	True	5-20%	True	CLIP top20%; abs(RNA_log2FC)<=0.5; TE_log2FC>=0.75	other
75	ENSMUSG00000019873.9	chr10;chr10;chr10;chr10;chr10;chr10;chr10;chr10;chr10;chr10;chr10;chr10;chr10;chr10;chr10;chr10;chr10;chr10;chr10;chr10;chr10	66844968;66847451;66849867;66850681;66850681;66857528;66857528;66864705;66869850;66870378;66870378;66870378;66870998;66871664;66871664;66875280;66875280;66898778;66898778;66932569;66932569	66849565;66849565;66849943;66850826;66850826;66857672;66857672;66865465;66869892;66870411;66870491;66870491;66873101;66871784;66871784;66875356;66875356;66898850;66898850;66932625;66932724	-;-;-;-;-;-;-;-;-;-;-;-;-;-;-;-;-;-;-;-;-	8294	509	95	191	168	171	118	Reep3	protein_coding	37.341505	18.266294	15.480278	17.232913	15.990033	9.1244509	1.0275779	-0.15379321	0.80263231	0.95642552	True	0.1	True	True	True	True	True	True	5-20%	True	CLIP top20%; abs(RNA_log2FC)<=0.5; TE_log2FC>=0.75	other
76	ENSMUSG00000070426.13	chr7;chr7;chr7;chr7;chr7;chr7;chr7;chr7;chr7;chr7;chr7;chr7;chr7;chr7;chr7;chr7;chr7;chr7;chr7;chr7;chr7;chr7;chr7;chr7;chr7;chr7;chr7;chr7;chr7;chr7;chr7;chr7;chr7;chr7;chr7;chr7;chr7;chr7;chr7;chr7;chr7;chr7	101668344;101668359;101669339;101669640;101672519;101672519;101672519;101672519;101673220;101673220;101673220;101673220;101678219;101678219;101678219;101678219;101680701;101680701;101680701;101684514;101684514;101684514;101684514;101684532;101688757;101688757;101688757;101688757;101688757;101688759;101691834;101691834;101691834;101691834;101691834;101691834;101708300;101713984;101714273;101714273;101714273;101714474	101669699;101669699;101669699;101669699;101672620;101672620;101672620;101672620;101673353;101673676;101673353;101673353;101678339;101678339;101678339;101678339;101680808;101680808;101680808;101684668;101684668;101684668;101684668;101684622;101688898;101688898;101688898;101688898;101688898;101688898;101691871;101691871;101691871;101691871;101691871;101691871;101709683;101714251;101714365;101714324;101714365;101714676	-;-;-;-;-;-;-;-;-;-;-;-;-;-;-;-;-;-;-;-;-;-;-;-;-;-;-;-;-;-;-;-;-;-;-;-;-;-;-;-;-;-	4427	630	158	369	316	433	292	Rnf121	protein_coding	46.218366	30.379731	29.906924	32.414289	40.489381	22.57915	0.60373417	-0.11577845	0.83973578	0.95551424	True	0.1	True	True	True	True	True	True	5-20%	True	CLIP top20%; abs(RNA_log2FC)<=0.5; TE_log2FC>=0.75	other
77	ENSMUSG00000020128.16	chr11;chr11;chr11;chr11;chr11;chr11;chr11;chr11;chr11;chr11;chr11;chr11;chr11;chr11;chr11;chr11;chr11;chr11;chr11;chr11;chr11;chr11;chr11;chr11;chr11;chr11;chr11;chr11;chr11;chr11;chr11;chr11;chr11;chr11;chr11;chr11;chr11;chr11;chr11;chr11;chr11;chr11;chr11;chr11;chr11;chr11;chr11;chr11;chr11;chr11;chr11;chr11;chr11;chr11;chr11;chr11;chr11;chr11;chr11;chr11;chr11;chr11;chr11;chr11;chr11;chr11;chr11;chr11;chr11;chr11;chr11;chr11;chr11;chr11;chr11;chr11;chr11	21189281;21189281;21213199;21213199;21214630;21214666;21218785;21218785;21218785;21221704;21221704;21221704;21224998;21224998;21224998;21227675;21227675;21227675;21227903;21241033;21241033;21241033;21241033;21242024;21242024;21242024;21245341;21245341;21245341;21248754;21248754;21248754;21249978;21249978;21249978;21250264;21255651;21255651;21255651;21255651;21256366;21256366;21256366;21256366;21256909;21256909;21256909;21256909;21258739;21258739;21258739;21261077;21261077;21261077;21262240;21262240;21262240;21262505;21262851;21262851;21262851;21263084;21263084;21263084;21263084;21264081;21264919;21264919;21264919;21264919;21266792;21266792;21266792;21269753;21269753;21269753;21269753	21189371;21189371;21213354;21213354;21214871;21214871;21218863;21218863;21218863;21221738;21221738;21221738;21225129;21225129;21225129;21228060;21228060;21228060;21228060;21241159;21241159;21241159;21241159;21242231;21242131;21242131;21245396;21245396;21245396;21248850;21248850;21248850;21250318;21250318;21250318;21250318;21255780;21255780;21255780;21255780;21256547;21256547;21256547;21256547;21257164;21257021;21257021;21257021;21258802;21258802;21258802;21261182;21261182;21261182;21262327;21262327;21262327;21262972;21262972;21262972;21262972;21263164;21263164;21263164;21263164;21266886;21264993;21265026;21265026;21265026;21266886;21266886;21266886;21270537;21270324;21271136;21271122	+;+;+;+;+;+;+;+;+;+;+;+;+;+;+;+;+;+;+;+;+;+;+;+;+;+;+;+;+;+;+;+;+;+;+;+;+;+;+;+;+;+;+;+;+;+;+;+;+;+;+;+;+;+;+;+;+;+;+;+;+;+;+;+;+;+;+;+;+;+;+;+;+;+;+;+;+	7515	3179	529	1331	993	140	82	Vps54	protein_coding	233.21934	101.71442	107.87565	101.85883	13.091255	6.3407201	1.196364	0.08271936	1.0342879	0.95156854	True	0.1	True	True	True	True	True	True	5-20%	True	CLIP top20%; abs(RNA_log2FC)<=0.5; TE_log2FC>=0.75	other
78	ENSMUSG00000026142.16	chr1;chr1;chr1;chr1;chr1;chr1;chr1;chr1;chr1;chr1;chr1;chr1;chr1;chr1;chr1	82294173;82294363;82316770;82318040;82318040;82320451;82320451;82346013;82346013;82348055;82348055;82355282;82355282;82420584;82420584	82294369;82297451;82317017;82318551;82318551;82320583;82320583;82346101;82346101;82348111;82348111;82355425;82355425;82423087;82423087	+;+;+;+;+;+;+;+;+;+;+;+;+;+;+	6966	573	53	151	143	221	165	Rhbdd1	protein_coding	42.036704	10.190669	12.238335	14.668492	20.665481	12.758766	2.0337406	-0.25937479	0.69143506	0.95080986	True	0.1	True	True	True	True	True	True	top 5%	True	CLIP top20%; abs(RNA_log2FC)<=0.5; TE_log2FC>=0.75	other
79	ENSMUSG00000037434.8	chr1;chr1;chr1;chr1	191638879;191639368;191640963;191640963	191639725;191639721;191645359;191641285	+;+;+;+	5244	5110	296	594	632	354	298	Slc30a1	protein_coding	374.8823	56.913927	48.142853	64.828578	33.102173	23.043105	2.7174362	-0.42853839	0.52069523	0.94923362	True	0.1	True	True	True	True	True	True	top 5%	True	CLIP top20%; abs(RNA_log2FC)<=0.5; TE_log2FC>=0.75	transporter_or_channel_symbol
80	ENSMUSG00000070436.13	chr7;chr7;chr7;chr7;chr7;chr7;chr7;chr7;chr7;chr7;chr7;chr7;chr7;chr7;chr7;chr7;chr7;chr7;chr7;chr7;chr7;chr7;chr7;chr7;chr7;chr7;chr7;chr7;chr7;chr7;chr7	98994583;98994596;98994597;98994602;98996132;98996132;98996132;98996132;98996473;98996473;98996473;98996473;98998010;98998010;98998010;98998010;98998018;98998284;98998469;99001031;99001031;99001031;99002089;99002089;99002094;99002094;99002094;99002260;99002260;99002260;99002260	98995629;98995629;98995629;98995629;98996364;98996364;98996364;98996364;98996571;98996571;98996571;98996571;98998671;98998671;98998671;98998671;98998671;98998671;98998671;99001074;99001074;99001074;99002172;99002321;99002297;99002172;99002204;99002310;99002321;99002446;99002321	-;-;-;-;-;-;-;-;-;-;-;-;-;-;-;-;-;-;-;-;-;-;-;-;-;-;-;-;-;-;-	2443	298	51	132	110	390	259	Serpinh1	protein_coding	21.862021	9.8061158	10.698412	11.283455	36.468496	20.027397	1.1486194	-0.076119368	0.8614407	0.93756007	True	0.1	True	True	True	True	True	True	5-20%	True	CLIP top20%; abs(RNA_log2FC)<=0.5; TE_log2FC>=0.75	other
81	ENSMUSG00000026463.18	chr1;chr1;chr1;chr1;chr1;chr1;chr1;chr1;chr1;chr1;chr1;chr1;chr1;chr1;chr1;chr1;chr1;chr1;chr1;chr1;chr1;chr1;chr1;chr1;chr1;chr1;chr1;chr1;chr1;chr1;chr1;chr1;chr1;chr1;chr1;chr1;chr1;chr1;chr1;chr1;chr1;chr1;chr1;chr1;chr1;chr1;chr1;chr1;chr1;chr1;chr1;chr1;chr1;chr1;chr1;chr1;chr1;chr1;chr1;chr1;chr1;chr1;chr1;chr1;chr1;chr1;chr1;chr1;chr1;chr1;chr1;chr1;chr1;chr1;chr1;chr1;chr1;chr1;chr1;chr1;chr1;chr1;chr1;chr1;chr1;chr1;chr1;chr1;chr1;chr1;chr1;chr1;chr1;chr1;chr1;chr1;chr1;chr1;chr1;chr1;chr1;chr1;chr1;chr1;chr1;chr1;chr1;chr1;chr1	133627195;133629377;133630412;133630412;133634049;133639370;133639380;133641719;133642792;133642792;133642792;133642792;133642792;133644061;133644243;133644243;133644243;133644243;133644243;133645526;133645526;133645526;133645526;133645526;133645526;133646438;133646438;133646438;133646438;133646438;133647062;133647062;133647062;133647062;133647062;133654195;133654195;133654195;133654195;133654195;133655461;133655461;133655461;133655461;133655461;133656435;133656435;133656435;133656435;133656435;133657455;133657455;133657455;133657455;133657455;133658107;133658107;133658107;133658107;133658107;133659401;133659401;133659401;133659401;133659401;133659964;133659964;133659964;133659964;133659964;133662786;133662786;133662786;133662786;133662786;133664354;133664354;133664354;133664354;133664354;133665728;133665728;133665728;133665728;133665728;133666276;133666276;133666276;133666276;133666276;133666901;133666901;133666901;133666901;133666901;133667652;133667652;133667652;133667652;133667652;133680827;133680827;133680827;133680827;133680827;133681438;133712606;133728375;133728375	133634734;133629619;133634734;133634734;133634734;133639560;133639560;133641730;133642968;133642968;133642968;133642968;133642968;133644350;133644350;133644350;133644350;133644350;133644350;133645667;133645737;133645737;133645737;133645737;133645737;133646651;133646651;133646651;133646651;133646651;133647253;133647253;133647253;133647253;133647253;133654301;133654301;133654301;133654301;133654301;133655548;133655548;133655548;133655548;133655548;133656614;133656614;133656614;133656614;133656614;133657686;133657686;133657686;133657686;133657686;133658348;133658348;133658348;133658348;133658348;133659643;133659643;133659643;133659643;133659643;133660178;133660178;133660178;133660178;133660178;133662947;133662947;133662947;133662947;133662947;133664389;133664389;133664389;133664389;133664389;133665856;133665856;133665856;133665856;133665856;133666401;133666401;133666401;133666401;133666401;133667158;133667158;133667158;133667158;133667158;133667849;133667849;133667849;133667849;133667849;133681019;133681419;133681485;133681485;133681487;133681487;133712743;133728774;133728779	-;-;-;-;-;-;-;-;-;-;-;-;-;-;-;-;-;-;-;-;-;-;-;-;-;-;-;-;-;-;-;-;-;-;-;-;-;-;-;-;-;-;-;-;-;-;-;-;-;-;-;-;-;-;-;-;-;-;-;-;-;-;-;-;-;-;-;-;-;-;-;-;-;-;-;-;-;-;-;-;-;-;-;-;-;-;-;-;-;-;-;-;-;-;-;-;-;-;-;-;-;-;-;-;-;-;-;-;-	12248	1283	213	591	408	549	303	Atp2b4	protein_coding	94.124068	40.954954	47.899707	41.851361	51.336421	23.429734	1.1985393	0.19430801	1.1283052	0.93399723	True	0.1	True	True	True	True	True	True	5-20%	True	CLIP top20%; abs(RNA_log2FC)<=0.5; TE_log2FC>=0.75	transporter_or_channel_symbol
82	ENSMUSG00000031007.3	chrX;chrX;chrX;chrX;chrX;chrX;chrX;chrX;chrX;chrX;chrX;chrX	12454040;12454040;12461000;12461000;12462395;12462395;12471106;12471357;12472520;12473170;12475074;12481921	12454174;12454174;12461130;12461130;12462820;12462526;12471201;12471494;12472573;12473319;12475193;12483288	+;+;+;+;+;+;+;+;+;+;+;+	2618	2908	296	923	762	1554	1032	Atp6ap2	protein_coding	213.33811	56.913927	74.807834	78.163571	145.31293	79.800283	1.9044315	-0.063224327	0.86388303	0.92710736	True	0.1	True	True	True	True	True	True	top 5%	True	CLIP top20%; abs(RNA_log2FC)<=0.5; TE_log2FC>=0.75	transporter_or_channel_symbol
83	ENSMUSG00000046062.6	chr1;chr1;chr1;chr1	133058881;133059082;133064401;133064401	133061353;133059648;133067521;133067521	+;+;+;+	5594	15252	1016	2682	2482	1156	862	Ppp1r15b	protein_coding	1118.9246	195.35321	217.37228	254.59578	108.09636	66.654887	2.5173466	-0.22794355	0.69670661	0.92465016	True	0.1	True	True	True	True	True	True	top 5%	True	CLIP top20%; abs(RNA_log2FC)<=0.5; TE_log2FC>=0.75	other
84	ENSMUSG00000027312.15	chr2;chr2;chr2;chr2;chr2;chr2;chr2;chr2;chr2;chr2;chr2;chr2;chr2;chr2;chr2;chr2;chr2;chr2;chr2;chr2;chr2;chr2;chr2;chr2;chr2;chr2;chr2;chr2;chr2;chr2;chr2;chr2;chr2;chr2;chr2;chr2;chr2;chr2;chr2;chr2;chr2;chr2;chr2;chr2;chr2;chr2;chr2;chr2;chr2;chr2;chr2;chr2;chr2;chr2;chr2;chr2;chr2;chr2;chr2;chr2;chr2;chr2	130748415;130748421;130748851;130775306;130775306;130775306;130777444;130777444;130777444;130786802;130786802;130787934;130787934;130789479;130789479;130798941;130798941;130799825;130799825;130802305;130802305;130803440;130803440;130806764;130806764;130811925;130811925;130814145;130814145;130815297;130815297;130817798;130817798;130821850;130821850;130823824;130823824;130824515;130824515;130824705;130828638;130828638;130828638;130836041;130836041;130836041;130836951;130836951;130838097;130841066;130841066;130844682;130844682;130844682;130846368;130846368;130846368;130855527;130860533;130862861;130864922;130867737	130748887;130748887;130748887;130775389;130775389;130775389;130777852;130777557;130777557;130786930;130786930;130788139;130788139;130789647;130789647;130799031;130799031;130800068;130800068;130802488;130802488;130803594;130803594;130806848;130806848;130812145;130812145;130814266;130814266;130815435;130815435;130817988;130817988;130822069;130822069;130824009;130824009;130824748;130824748;130824748;130828775;130828775;130828775;130836495;130836134;130836134;130837003;130837003;130841160;130841160;130841160;130844760;130844760;130844760;130847363;130847335;130846525;130855588;130860611;130862968;130865036;130872253	+;+;+;+;+;+;+;+;+;+;+;+;+;+;+;+;+;+;+;+;+;+;+;+;+;+;+;+;+;+;+;+;+;+;+;+;+;+;+;+;+;+;+;+;+;+;+;+;+;+;+;+;+;+;+;+;+;+;+;+;+;+	13208	610	128	398	294	598	356	Atrn	protein_coding	44.751116	24.611428	32.257332	30.157598	55.91836	27.528005	0.85996551	0.09679521	1.0197684	0.92297317	True	0.1	True	True	True	True	True	True	5-20%	True	CLIP top20%; abs(RNA_log2FC)<=0.5; TE_log2FC>=0.75	other
85	ENSMUSG00000024425.5	chr18;chr18;chr18;chr18;chr18;chr18;chr18;chr18;chr18;chr18;chr18;chr18;chr18;chr18;chr18;chr18;chr18;chr18;chr18;chr18;chr18;chr18;chr18;chr18;chr18;chr18;chr18;chr18;chr18;chr18;chr18;chr18;chr18;chr18;chr18;chr18;chr18;chr18;chr18;chr18;chr18;chr18;chr18;chr18;chr18;chr18;chr18;chr18;chr18;chr18	38543449;38551960;38551995;38552022;38552037;38552037;38575970;38575970;38575970;38575970;38575970;38575970;38580744;38580744;38580744;38580744;38580744;38580744;38580766;38584363;38584608;38584608;38584608;38584608;38584608;38584608;38585358;38585358;38585358;38585358;38585358;38585358;38585358;38589108;38589108;38589108;38589108;38589108;38589108;38593598;38593598;38593598;38593598;38593598;38593598;38597290;38597314;38597330;38597330;38597330	38543539;38552229;38552229;38552229;38552229;38552229;38576057;38576057;38576057;38576057;38576057;38576057;38580874;38580874;38581149;38580874;38580874;38580874;38580874;38584695;38584695;38584695;38584695;38584695;38584695;38584695;38585482;38585424;38585482;38585482;38585674;38585482;38585482;38589174;38589174;38589174;38589174;38589174;38589174;38597436;38593703;38593703;38593703;38593703;38593703;38598031;38597892;38597427;38598250;38598356	+;+;+;+;+;+;+;+;+;+;+;+;+;+;+;+;+;+;+;+;+;+;+;+;+;+;+;+;+;+;+;+;+;+;+;+;+;+;+;+;+;+;+;+;+;+;+;+;+;+	6331	2147	395	973	936	1714	1334	Ndfip1	protein_coding	157.50926	75.949328	78.860263	96.011945	160.27436	103.15269	1.0513449	-0.28358895	0.63526415	0.9188531	True	0.1	True	True	True	True	True	True	5-20%	True	CLIP top20%; abs(RNA_log2FC)<=0.5; TE_log2FC>=0.75	other
86	ENSMUSG00000000544.15	chr1;chr1;chr1;chr1;chr1;chr1;chr1;chr1;chr1;chr1;chr1;chr1;chr1;chr1;chr1;chr1;chr1;chr1;chr1;chr1;chr1;chr1	165957807;165957909;165957986;165958036;165974208;165974208;165974208;165980137;165980137;165980137;165980137;165981479;165985082;165985082;165985082;165991342;165991342;165992149;165992149;165992716;165992716;165992924	165958173;165958173;165958173;165958173;165974362;165974362;165974362;165980353;165980353;165980353;165980353;165981705;165985237;165985098;165985237;165991461;165991461;165992284;165992284;165992865;165994079;165994078	+;+;+;+;+;+;+;+;+;+;+;+;+;+;+;+;+;+;+;+;+;+	2742	3379	680	2370	1461	3409	1704	Gpa33	protein_coding	247.89184	130.74821	192.08512	149.8648	318.77206	131.76326	0.92239844	0.35787275	1.273935	0.91606229	True	0.1	True	True	True	True	True	True	5-20%	True	CLIP top20%; abs(RNA_log2FC)<=0.5; TE_log2FC>=0.75	other
87	ENSMUSG00000037190.13	chr9;chr9;chr9;chr9;chr9;chr9;chr9;chr9;chr9;chr9;chr9;chr9;chr9;chr9;chr9;chr9;chr9;chr9	107416206;107416774;107416780;107417076;107417241;107417489;107418202;107418202;107418202;107418202;107418202;107418696;107418696;107418696;107418696;107419234;107419234;107419234	107417584;107417584;107417029;107417584;107417584;107417584;107418268;107418239;107418239;107418239;107418239;107418849;107418724;107418849;107419064;107419326;107419323;107419392	-;-;-;-;-;-;-;-;-;-;-;-;-;-;-;-;-;-	1974	117	32	127	117	224	167	Cyb561d2	protein_coding	8.5834108	6.152857	10.293169	12.001493	20.946008	12.913418	0.47374632	-0.21954946	0.69354667	0.91309613	True	0.1	True	True	True	True	True	True	5-20%	True	CLIP top20%; abs(RNA_log2FC)<=0.5; TE_log2FC>=0.75	other
88	ENSMUSG00000021000.18	chr12;chr12;chr12;chr12;chr12;chr12;chr12;chr12;chr12;chr12;chr12;chr12;chr12;chr12;chr12;chr12;chr12;chr12;chr12;chr12;chr12;chr12;chr12;chr12;chr12;chr12;chr12;chr12;chr12;chr12;chr12;chr12;chr12;chr12;chr12;chr12;chr12;chr12;chr12;chr12;chr12;chr12;chr12;chr12;chr12;chr12;chr12;chr12;chr12;chr12;chr12;chr12;chr12;chr12;chr12;chr12;chr12;chr12;chr12;chr12;chr12;chr12;chr12;chr12;chr12;chr12;chr12;chr12;chr12;chr12;chr12;chr12;chr12;chr12;chr12;chr12;chr12;chr12;chr12;chr12;chr12;chr12;chr12;chr12;chr12;chr12;chr12;chr12;chr12;chr12;chr12;chr12;chr12;chr12;chr12;chr12;chr12;chr12;chr12;chr12;chr12;chr12;chr12;chr12;chr12;chr12;chr12;chr12;chr12;chr12;chr12;chr12;chr12;chr12;chr12;chr12;chr12;chr12;chr12;chr12;chr12;chr12;chr12;chr12;chr12;chr12;chr12;chr12;chr12;chr12;chr12;chr12;chr12;chr12;chr12;chr12;chr12;chr12;chr12;chr12;chr12;chr12;chr12;chr12;chr12;chr12;chr12;chr12;chr12;chr12;chr12;chr12;chr12;chr12;chr12;chr12;chr12;chr12;chr12;chr12;chr12;chr12;chr12;chr12;chr12;chr12;chr12;chr12;chr12;chr12;chr12;chr12;chr12;chr12;chr12;chr12;chr12;chr12;chr12;chr12;chr12;chr12;chr12;chr12;chr12;chr12;chr12;chr12;chr12;chr12;chr12;chr12;chr12;chr12;chr12;chr12;chr12;chr12;chr12;chr12;chr12;chr12;chr12;chr12;chr12;chr12;chr12;chr12;chr12;chr12;chr12;chr12;chr12;chr12;chr12;chr12;chr12;chr12;chr12;chr12;chr12;chr12;chr12;chr12;chr12;chr12;chr12;chr12;chr12;chr12;chr12;chr12;chr12;chr12;chr12;chr12;chr12;chr12;chr12;chr12;chr12;chr12;chr12;chr12;chr12;chr12;chr12;chr12;chr12;chr12;chr12;chr12;chr12;chr12;chr12;chr12;chr12;chr12;chr12;chr12;chr12;chr12;chr12;chr12;chr12;chr12;chr12;chr12;chr12;chr12;chr12;chr12;chr12;chr12;chr12;chr12;chr12;chr12;chr12;chr12;chr12;chr12;chr12;chr12;chr12;chr12;chr12;chr12;chr12;chr12;chr12;chr12;chr12;chr12;chr12;chr12;chr12;chr12;chr12;chr12;chr12;chr12;chr12;chr12;chr12;chr12;chr12;chr12;chr12;chr12;chr12;chr12;chr12;chr12;chr12;chr12;chr12;chr12;chr12;chr12;chr12;chr12;chr12;chr12;chr12;chr12;chr12;chr12;chr12;chr12;chr12;chr12;chr12;chr12;chr12;chr12;chr12;chr12;chr12;chr12;chr12;chr12;chr12;chr12;chr12;chr12;chr12;chr12;chr12;chr12;chr12;chr12;chr12;chr12;chr12;chr12;chr12;chr12;chr12;chr12;chr12;chr12;chr12;chr12;chr12;chr12;chr12;chr12;chr12;chr12;chr12	59142585;59142586;59148257;59148257;59151261;59151261;59154622;59154625;59166160;59166493;59176506;59176532;59176549;59176551;59176571;59176596;59177163;59177623;59177808;59178072;59178239;59178253;59178267;59178288;59182850;59182850;59182850;59182850;59182850;59182850;59182850;59182850;59182850;59182850;59182850;59182850;59182850;59182850;59182850;59182895;59184367;59184367;59184367;59184367;59184367;59184367;59184367;59184367;59184367;59184367;59184367;59184367;59184367;59184367;59184484;59184484;59184484;59184484;59184484;59184484;59184484;59184484;59184484;59184484;59184484;59184484;59184484;59184484;59184484;59184484;59191485;59191485;59191485;59191485;59191485;59191485;59191485;59191485;59191485;59191485;59191485;59191485;59193122;59193122;59193122;59193122;59193122;59193122;59193633;59193633;59193633;59193633;59193633;59193633;59193633;59193633;59193633;59193633;59193633;59193633;59193633;59193633;59193633;59194638;59194638;59194638;59194638;59194638;59194638;59194638;59194638;59194638;59194638;59194638;59194638;59194638;59194638;59196250;59196250;59196250;59196250;59196250;59196250;59196250;59196250;59196250;59196250;59196250;59196250;59196250;59196250;59196297;59201142;59201142;59201142;59201142;59201142;59201142;59201142;59201142;59201142;59201142;59201142;59201142;59201142;59201142;59205039;59205039;59205039;59205039;59205039;59205039;59205039;59205039;59205039;59205039;59205039;59205039;59205039;59205039;59206377;59206377;59206377;59206377;59206377;59206377;59206377;59206377;59206377;59206377;59206377;59206377;59206377;59206377;59206962;59206962;59206962;59206962;59206962;59206962;59206962;59206962;59206962;59206962;59206962;59206962;59206962;59206962;59209667;59209667;59209667;59209667;59209667;59209667;59209667;59209667;59209667;59209667;59209667;59209667;59209667;59209667;59209676;59213576;59215645;59215720;59215720;59215720;59215720;59215720;59215720;59215720;59215720;59215720;59215720;59215720;59215720;59215720;59215720;59215720;59215774;59217044;59217044;59217044;59217044;59217044;59217044;59217044;59217044;59217044;59217044;59217044;59217044;59217044;59217044;59217044;59217044;59217048;59217743;59217743;59217743;59217743;59217743;59217743;59217743;59217743;59217743;59217743;59217743;59217743;59217743;59217743;59217743;59217743;59217743;59219311;59219311;59219311;59219311;59219311;59219311;59219311;59219311;59219311;59219311;59219311;59219311;59219311;59219311;59219311;59219311;59220892;59220892;59220892;59220892;59220892;59220892;59220892;59220892;59220892;59220892;59220892;59220892;59220892;59220892;59223117;59223117;59223117;59223117;59223117;59223117;59223117;59223117;59223117;59223117;59223117;59226299;59226636;59226636;59226636;59226636;59226636;59226636;59226636;59226636;59226636;59226636;59226636;59226636;59226636;59226739;59230973;59230973;59230973;59230973;59230973;59230973;59230973;59230973;59230973;59230973;59230973;59230973;59230973;59230973;59230973;59230973;59232515;59232515;59232515;59232515;59232515;59232515;59232515;59232515;59232515;59232515;59232515;59232515;59232515;59232515;59232515;59235097;59235097;59235097;59235097;59235097;59235097;59235097;59235097;59235097;59235097;59235097;59235097;59235097;59235097;59235097;59236422;59236422;59236422;59236422;59236422;59236422;59236422;59236422;59236422;59236422;59236422;59236422;59236422;59236422	59142700;59142700;59148390;59148390;59151347;59151347;59155837;59155916;59166342;59166593;59176682;59176682;59176682;59176682;59176682;59176682;59177681;59177681;59177905;59178390;59178390;59178390;59178390;59178390;59182981;59182981;59182981;59182981;59182981;59182981;59182981;59182981;59182981;59182981;59182981;59182981;59182981;59182981;59182981;59182981;59184388;59184388;59184388;59184388;59184388;59184388;59184388;59184388;59184388;59184388;59184388;59184388;59184388;59184388;59184572;59184572;59184572;59184572;59184572;59184572;59184572;59184572;59184572;59184572;59184572;59184572;59184572;59184572;59184572;59184572;59191556;59191761;59191556;59191556;59191556;59191556;59191556;59191556;59191556;59191556;59191556;59191556;59193148;59193148;59193148;59193148;59193148;59193148;59193743;59193743;59193743;59193743;59193743;59193658;59193743;59193743;59193743;59193743;59193743;59193743;59193743;59193743;59193743;59194709;59194709;59194709;59194709;59194709;59194709;59194709;59194709;59194709;59194709;59194709;59194709;59194709;59194709;59196354;59196354;59196354;59196354;59196354;59196354;59196354;59196354;59196354;59196324;59196354;59196354;59196354;59196354;59196354;59201264;59201264;59201264;59201264;59201264;59201264;59201264;59201264;59201264;59201264;59201264;59201264;59201264;59201264;59205153;59205153;59205153;59205153;59205153;59205153;59205153;59205153;59205153;59205153;59205153;59205153;59205153;59205153;59206423;59206423;59206423;59206423;59206423;59206423;59206423;59206423;59206423;59206423;59206423;59206423;59206423;59206423;59207052;59207052;59207052;59207052;59207052;59207052;59207052;59207052;59207052;59207052;59207052;59207052;59207052;59207052;59209805;59209805;59209805;59209805;59209805;59209805;59209805;59209805;59209805;59209805;59209805;59209805;59209805;59209805;59209805;59215821;59215821;59215821;59215821;59215821;59215821;59215821;59215821;59215821;59215821;59215821;59215731;59215821;59215821;59215821;59215821;59215821;59215821;59217104;59217104;59217104;59217104;59217104;59217104;59217104;59217104;59217104;59217104;59217104;59217104;59217104;59217104;59217104;59217104;59217104;59217839;59217778;59217778;59217778;59217778;59217778;59217778;59217778;59217778;59217778;59217778;59217778;59217778;59217778;59217778;59217778;59217778;59219378;59219378;59219378;59219378;59219378;59219378;59219378;59219378;59219378;59219378;59219378;59219378;59219378;59219378;59219378;59219378;59222295;59220974;59220974;59220974;59220974;59220974;59220974;59220974;59220974;59220974;59220974;59220974;59220974;59220974;59223245;59223245;59223200;59223245;59223245;59223245;59223245;59223245;59223245;59223245;59223245;59226794;59226794;59226794;59226794;59226794;59226794;59226794;59226794;59226794;59226794;59226794;59226794;59226794;59226794;59226794;59231089;59231089;59231083;59231089;59231089;59231089;59231089;59231089;59231089;59231089;59231089;59231089;59231089;59231089;59231089;59231089;59232573;59232573;59232573;59232573;59232573;59232573;59232573;59232573;59232573;59232573;59232573;59232573;59232573;59232573;59232573;59235305;59235331;59235331;59235331;59235331;59235331;59235331;59235331;59235331;59235331;59235331;59235331;59235331;59235331;59235331;59236426;59236738;59236738;59237008;59236738;59236959;59238369;59237008;59236736;59237008;59236962;59236959;59236962;59236585	+;+;+;+;+;+;+;+;+;+;+;+;+;+;+;+;+;+;+;+;+;+;+;+;+;+;+;+;+;+;+;+;+;+;+;+;+;+;+;+;+;+;+;+;+;+;+;+;+;+;+;+;+;+;+;+;+;+;+;+;+;+;+;+;+;+;+;+;+;+;+;+;+;+;+;+;+;+;+;+;+;+;+;+;+;+;+;+;+;+;+;+;+;+;+;+;+;+;+;+;+;+;+;+;+;+;+;+;+;+;+;+;+;+;+;+;+;+;+;+;+;+;+;+;+;+;+;+;+;+;+;+;+;+;+;+;+;+;+;+;+;+;+;+;+;+;+;+;+;+;+;+;+;+;+;+;+;+;+;+;+;+;+;+;+;+;+;+;+;+;+;+;+;+;+;+;+;+;+;+;+;+;+;+;+;+;+;+;+;+;+;+;+;+;+;+;+;+;+;+;+;+;+;+;+;+;+;+;+;+;+;+;+;+;+;+;+;+;+;+;+;+;+;+;+;+;+;+;+;+;+;+;+;+;+;+;+;+;+;+;+;+;+;+;+;+;+;+;+;+;+;+;+;+;+;+;+;+;+;+;+;+;+;+;+;+;+;+;+;+;+;+;+;+;+;+;+;+;+;+;+;+;+;+;+;+;+;+;+;+;+;+;+;+;+;+;+;+;+;+;+;+;+;+;+;+;+;+;+;+;+;+;+;+;+;+;+;+;+;+;+;+;+;+;+;+;+;+;+;+;+;+;+;+;+;+;+;+;+;+;+;+;+;+;+;+;+;+;+;+;+;+;+;+;+;+;+;+;+;+;+;+;+;+;+;+;+;+;+;+;+	11239	2307	279	967	938	1097	865	Mia2	protein_coding	169.24725	53.645222	78.373971	96.217099	102.57933	66.886865	1.6557762	-0.29557773	0.61619568	0.91177341	True	0.1	True	True	True	True	True	True	top 5%	True	CLIP top20%; abs(RNA_log2FC)<=0.5; TE_log2FC>=0.75	other
89	ENSMUSG00000118664.1	chr8;chr8;chr8;chr8;chr8;chr8;chr8;chr8;chr8;chr8;chr8;chr8;chr8;chr8;chr8;chr8;chr8;chr8;chr8;chr8;chr8;chr8;chr8;chr8;chr8;chr8;chr8;chr8;chr8;chr8;chr8;chr8;chr8;chr8	39472999;39472999;39473062;39473064;39513669;39513669;39513669;39513669;39530345;39530345;39530345;39534776;39534776;39534776;39534776;39538530;39538530;39538530;39538530;39564079;39564079;39593683;39593683;39593683;39597897;39597897;39597897;39610301;39610301;39610301;39614048;39617867;39617867;39617867	39473354;39473354;39473354;39473354;39513838;39513838;39513838;39513838;39530462;39530462;39530462;39534916;39534916;39534916;39534916;39540476;39538670;39538670;39538670;39564168;39564168;39593746;39593746;39593746;39597971;39597971;39597971;39610391;39610391;39610391;39614111;39618155;39619367;39619367	+;+;+;+;+;+;+;+;+;+;+;+;+;+;+;+;+;+;+;+;+;+;+;+;+;+;+;+;+;+;+;+;+;+	4617	957	169	431	330	794	494	Tusc3	protein_coding	70.207898	32.494776	34.931935	33.850365	74.246117	38.198973	1.109046	0.045243602	0.9569517	0.9117081	True	0.1	True	True	True	True	True	True	5-20%	True	CLIP top20%; abs(RNA_log2FC)<=0.5; TE_log2FC>=0.75	other
90	ENSMUSG00000020921.7	chr11;chr11;chr11;chr11;chr11;chr11;chr11;chr11;chr11	102043372;102045000;102045383;102046550;102046550;102046641;102046970;102047034;102047034	102044420;102045529;102045529;102046730;102046730;102046730;102047181;102047173;102047230	-;-;-;-;-;-;-;-;-	2021	1108	142	288	253	651	465	Tmem101	protein_coding	81.285634	27.303303	23.341989	25.951947	60.874335	35.956523	1.5704244	-0.15229617	0.75794185	0.91023802	True	0.1	True	True	True	True	True	True	top 5%	True	CLIP top20%; abs(RNA_log2FC)<=0.5; TE_log2FC>=0.75	transmembrane_symbol
91	ENSMUSG00000021610.9	chr13;chr13;chr13;chr13;chr13;chr13;chr13;chr13;chr13;chr13;chr13;chr13;chr13;chr13;chr13;chr13;chr13;chr13;chr13;chr13;chr13;chr13;chr13;chr13;chr13;chr13;chr13	73752125;73753049;73754341;73755839;73757023;73759263;73759741;73760434;73760513;73761777;73761777;73762726;73762726;73763292;73764082;73764923;73764934;73765697;73765697;73765704;73765838;73765838;73765838;73766521;73766521;73768152;73768152	73752518;73753149;73754530;73755987;73757101;73759380;73759835;73760597;73760597;73761880;73761880;73762791;73762791;73763342;73764164;73764968;73764968;73765752;73765752;73765752;73766524;73765882;73765882;73766636;73766636;73768718;73768724	+;+;+;+;+;+;+;+;+;+;+;+;+;+;+;+;+;+;+;+;+;+;+;+;+;+;+	3068	1793	352	691	548	509	330	Clptm1l	protein_coding	131.53894	67.681427	56.004565	56.212122	47.596062	25.517532	0.95762436	-0.0053273527	0.89673865	0.90206601	True	0.1	True	True	True	True	True	True	5-20%	True	CLIP top20%; abs(RNA_log2FC)<=0.5; TE_log2FC>=0.75	other
92	ENSMUSG00000026235.15	chr1;chr1;chr1;chr1;chr1;chr1;chr1;chr1;chr1;chr1;chr1;chr1;chr1;chr1;chr1;chr1;chr1;chr1;chr1;chr1;chr1;chr1;chr1;chr1;chr1;chr1;chr1;chr1;chr1;chr1;chr1;chr1;chr1;chr1;chr1;chr1;chr1;chr1;chr1;chr1;chr1;chr1;chr1;chr1;chr1;chr1;chr1;chr1;chr1;chr1;chr1;chr1;chr1;chr1;chr1;chr1;chr1;chr1;chr1;chr1;chr1;chr1;chr1;chr1;chr1;chr1;chr1;chr1;chr1;chr1;chr1;chr1;chr1;chr1;chr1;chr1;chr1;chr1;chr1;chr1;chr1;chr1;chr1	77343822;77343826;77349547;77349547;77349776;77350250;77350268;77351379;77351408;77351408;77351408;77351408;77354051;77354051;77354051;77354051;77354051;77357501;77357501;77357501;77357501;77359506;77359506;77359506;77359506;77360160;77360160;77360160;77360160;77364434;77364434;77364434;77364434;77365110;77365110;77365110;77365110;77366670;77366670;77366670;77366670;77373434;77375131;77375131;77375131;77375131;77376275;77376275;77376275;77376275;77376275;77377837;77377837;77377837;77377837;77377837;77377860;77403188;77403188;77403188;77403188;77403188;77403188;77421502;77421502;77421502;77421502;77421502;77483185;77483185;77483185;77483185;77483185;77488320;77488320;77488320;77488320;77491578;77491578;77491578;77491578;77491578;77491578	77346308;77346308;77350484;77350484;77350484;77350484;77350484;77351563;77351563;77351563;77351563;77351563;77354244;77354244;77354244;77354244;77354244;77357650;77357650;77357650;77357650;77359715;77359715;77359715;77359715;77360221;77360221;77360221;77360221;77364619;77364619;77364619;77364619;77365223;77365223;77365223;77365223;77366728;77366728;77366728;77366728;77375242;77375242;77375242;77375242;77375242;77376434;77376434;77376434;77376434;77376434;77377961;77377961;77377961;77377961;77377961;77377961;77403526;77403526;77403526;77403526;77403526;77403526;77421657;77421657;77421657;77421657;77421657;77483848;77483848;77483848;77483848;77483848;77488387;77488387;77488387;77488387;77491720;77491722;77491716;77491725;77491716;77491725	-;-;-;-;-;-;-;-;-;-;-;-;-;-;-;-;-;-;-;-;-;-;-;-;-;-;-;-;-;-;-;-;-;-;-;-;-;-;-;-;-;-;-;-;-;-;-;-;-;-;-;-;-;-;-;-;-;-;-;-;-;-;-;-;-;-;-;-;-;-;-;-;-;-;-;-;-;-;-;-;-;-;-	8054	2386	254	891	540	2566	1276	Epha4	protein_coding	175.04289	48.838302	72.214279	55.391507	239.944	98.667792	1.8394965	0.38201358	1.2811863	0.89917273	True	0.1	True	True	True	True	True	True	top 5%	True	CLIP top20%; abs(RNA_log2FC)<=0.5; TE_log2FC>=0.75	other
93	ENSMUSG00000045414.8	chr9;chr9;chr9	94399917;94406445;94419272	94402699;94406748;94420134	-;-;-	3950	1466	170	378	337	356	261	Dipk2a	protein_coding	107.5494	32.687053	30.636361	34.568403	33.289191	20.182048	1.7151422	-0.17367502	0.71917778	0.8928528	True	0.1	True	True	True	True	True	True	top 5%	True	CLIP top20%; abs(RNA_log2FC)<=0.5; TE_log2FC>=0.75	other
94	ENSMUSG00000035798.15	chr10;chr10;chr10;chr10;chr10;chr10;chr10;chr10;chr10;chr10;chr10;chr10;chr10;chr10;chr10;chr10;chr10;chr10;chr10;chr10;chr10;chr10;chr10;chr10;chr10;chr10;chr10;chr10;chr10;chr10;chr10;chr10;chr10;chr10;chr10;chr10;chr10;chr10;chr10;chr10;chr10;chr10;chr10;chr10;chr10;chr10;chr10;chr10;chr10;chr10;chr10;chr10;chr10;chr10;chr10;chr10;chr10;chr10;chr10;chr10;chr10;chr10;chr10;chr10;chr10;chr10;chr10;chr10;chr10;chr10;chr10;chr10;chr10;chr10;chr10;chr10;chr10;chr10;chr10;chr10;chr10;chr10;chr10;chr10	110777641;110777643;110778442;110781330;110781330;110781330;110781871;110782028;110782028;110782028;110783160;110783160;110783160;110783160;110784052;110784052;110784052;110785482;110785482;110785482;110786422;110786422;110790688;110790925;110790925;110790925;110790927;110792147;110792147;110792147;110792147;110792147;110796873;110796873;110796873;110796873;110796873;110797864;110798158;110803545;110803545;110803545;110803545;110803545;110803654;110804290;110804290;110804290;110804290;110804290;110809563;110809609;110809609;110809609;110809609;110809609;110809986;110810205;110810205;110810205;110810205;110810205;110810205;110817857;110817857;110817857;110817857;110817857;110817857;110817857;110821801;110821801;110821801;110821801;110821801;110821801;110821801;110841445;110845799;110845799;110845799;110845799;110845799;110845799	110780392;110780392;110780392;110781424;110781424;110781424;110782185;110782185;110782185;110782185;110783243;110783558;110783243;110783243;110784145;110784145;110784145;110785544;110786544;110785544;110786544;110786546;110791027;110791027;110791027;110791027;110791027;110792289;110792289;110792289;110792289;110792289;110796998;110796944;110796998;110796998;110796998;110798265;110798265;110803707;110803707;110803666;110803707;110803707;110803707;110804354;110804354;110804354;110804354;110804354;110809753;110809753;110809753;110809753;110809753;110809753;110810282;110810282;110810282;110810282;110810282;110810282;110810282;110817979;110817979;110817979;110817979;110817979;110817979;110817979;110821904;110821904;110821904;110821904;110821904;110821904;110821904;110841615;110845838;110845859;110845864;110845856;110846001;110845927	-;-;-;-;-;-;-;-;-;-;-;-;-;-;-;-;-;-;-;-;-;-;-;-;-;-;-;-;-;-;-;-;-;-;-;-;-;-;-;-;-;-;-;-;-;-;-;-;-;-;-;-;-;-;-;-;-;-;-;-;-;-;-;-;-;-;-;-;-;-;-;-;-;-;-;-;-;-;-;-;-;-;-;-	7048	413	89	219	232	108	94	Zdhhc17	protein_coding	30.298706	17.112633	17.749638	23.797832	10.098968	7.2686304	0.82054209	-0.42098498	0.46895478	0.88993976	True	0.1	True	True	True	True	True	True	5-20%	True	CLIP top20%; abs(RNA_log2FC)<=0.5; TE_log2FC>=0.75	other
95	ENSMUSG00000014177.11	chr11;chr11;chr11;chr11;chr11;chr11;chr11;chr11;chr11;chr11;chr11;chr11;chr11;chr11;chr11;chr11;chr11;chr11;chr11;chr11	62770281;62770316;62770440;62772763;62772763;62772763;62774453;62774453;62774453;62774488;62775902;62775902;62775902;62775902;62777015;62777015;62782768;62782768;62784948;62807458	62770421;62770542;62770542;62772845;62772845;62772845;62774597;62774597;62774597;62774597;62776172;62775991;62775991;62775991;62777146;62777146;62782878;62782896;62786011;62807606	+;+;+;+;+;+;+;+;+;+;+;+;+;+;+;+;+;+;+;+	2235	2391	236	605	628	462	396	Tvp23b	protein_coding	175.4097	45.37732	49.034387	64.418271	43.201141	30.621039	1.9483316	-0.3929747	0.49517804	0.88815275	True	0.1	True	True	True	True	True	True	top 5%	True	CLIP top20%; abs(RNA_log2FC)<=0.5; TE_log2FC>=0.75	other
96	ENSMUSG00000069170.15	chr13;chr13;chr13;chr13;chr13;chr13;chr13;chr13;chr13;chr13;chr13;chr13;chr13;chr13;chr13;chr13;chr13;chr13;chr13;chr13;chr13;chr13;chr13;chr13;chr13;chr13;chr13;chr13;chr13;chr13;chr13;chr13;chr13;chr13;chr13;chr13;chr13;chr13;chr13;chr13;chr13;chr13;chr13;chr13;chr13;chr13;chr13;chr13;chr13;chr13;chr13;chr13;chr13;chr13;chr13;chr13;chr13;chr13;chr13;chr13;chr13;chr13;chr13;chr13;chr13;chr13;chr13;chr13;chr13;chr13;chr13;chr13;chr13;chr13;chr13;chr13;chr13;chr13;chr13;chr13;chr13;chr13;chr13;chr13;chr13;chr13;chr13;chr13;chr13;chr13;chr13;chr13;chr13;chr13;chr13;chr13;chr13;chr13;chr13;chr13;chr13;chr13;chr13;chr13;chr13;chr13;chr13;chr13;chr13;chr13;chr13;chr13;chr13;chr13;chr13;chr13;chr13;chr13;chr13;chr13;chr13;chr13;chr13;chr13;chr13;chr13;chr13;chr13;chr13;chr13;chr13;chr13;chr13;chr13;chr13;chr13;chr13;chr13;chr13;chr13;chr13;chr13;chr13;chr13;chr13;chr13;chr13;chr13;chr13;chr13;chr13;chr13;chr13;chr13;chr13;chr13;chr13;chr13;chr13;chr13;chr13;chr13;chr13;chr13;chr13;chr13;chr13;chr13;chr13;chr13;chr13;chr13;chr13;chr13;chr13;chr13;chr13;chr13;chr13;chr13;chr13;chr13;chr13;chr13;chr13;chr13;chr13;chr13;chr13;chr13;chr13;chr13;chr13;chr13;chr13;chr13;chr13;chr13;chr13;chr13;chr13;chr13;chr13;chr13;chr13;chr13;chr13;chr13;chr13;chr13;chr13;chr13;chr13;chr13;chr13;chr13;chr13;chr13;chr13;chr13;chr13;chr13;chr13;chr13;chr13;chr13;chr13;chr13;chr13;chr13;chr13;chr13;chr13;chr13;chr13;chr13;chr13;chr13;chr13;chr13;chr13;chr13;chr13;chr13;chr13;chr13;chr13;chr13;chr13;chr13;chr13;chr13;chr13;chr13;chr13;chr13;chr13;chr13;chr13	81243187;81243187;81243188;81243188;81251338;81251338;81251338;81251338;81255022;81255022;81255022;81255022;81255061;81303274;81303274;81303274;81303274;81303274;81330765;81330765;81330765;81330765;81330765;81418863;81418863;81418863;81418863;81418863;81431475;81431475;81431475;81431475;81431475;81490867;81491221;81499630;81522301;81522301;81530339;81530339;81534007;81534007;81534831;81534831;81539735;81539735;81545286;81545286;81553283;81553283;81561166;81561166;81562693;81562693;81567115;81567115;81570248;81570248;81572342;81572342;81575722;81575722;81578426;81581544;81581544;81583679;81583679;81585588;81585588;81587532;81587532;81588167;81588167;81590585;81590585;81592465;81592465;81592969;81593332;81594498;81596954;81607795;81614281;81620515;81621002;81623051;81624600;81627748;81629432;81629968;81635971;81637026;81640576;81640993;81641234;81642693;81644311;81647104;81651122;81651973;81652211;81653851;81653852;81653852;81654218;81656775;81656775;81656775;81656775;81657485;81657485;81657485;81657485;81658969;81658969;81658969;81658969;81659614;81659614;81659614;81659614;81666072;81666072;81666072;81666072;81668622;81668622;81668622;81668622;81670224;81670224;81670224;81670224;81671655;81671655;81671655;81671655;81672678;81672678;81672678;81672678;81673433;81673433;81673433;81673433;81676568;81676568;81676568;81676568;81679686;81679686;81679686;81679686;81681130;81681130;81681130;81681130;81684429;81684429;81684429;81688078;81688078;81688078;81689639;81691488;81691488;81691488;81692587;81692587;81692587;81692587;81704916;81705069;81705069;81705069;81707039;81707039;81707039;81707039;81708691;81708769;81708769;81708769;81709573;81709573;81709573;81709573;81711683;81711683;81711683;81711683;81713101;81713101;81713101;81713101;81714381;81714381;81714381;81714381;81715450;81715450;81715450;81715450;81716456;81716456;81716456;81716456;81716727;81716727;81716727;81716727;81718602;81721334;81721334;81721334;81723078;81723078;81723078;81725555;81726182;81726182;81726182;81726839;81726839;81726839;81726839;81727160;81727404;81727404;81727404;81727404;81729460;81729811;81729811;81729811;81729811;81729811;81732160;81732160;81732160;81732160;81732160;81732160;81740677;81740677;81740677;81740677;81741109;81741109;81741109;81741109;81743296;81743296;81743296;81743296;81781126;81781126;81781126;81781126	81243620;81243620;81243620;81243620;81251515;81251515;81251515;81251515;81255210;81255210;81255210;81255210;81255210;81303395;81303395;81303395;81303395;81303395;81330922;81330922;81330922;81330922;81330922;81419041;81419041;81419041;81419041;81419041;81431591;81431591;81431591;81431591;81431591;81490955;81491434;81499745;81522401;81522401;81530499;81530499;81534146;81534146;81535080;81535080;81539919;81539919;81545693;81545693;81553525;81553525;81561337;81561337;81562810;81562810;81568217;81568217;81570383;81570383;81572516;81572516;81575865;81575865;81578718;81582017;81582017;81583828;81583828;81585824;81585824;81587751;81587751;81588362;81588362;81590733;81590733;81592623;81592697;81593154;81593470;81594618;81597071;81607959;81614460;81620697;81621178;81623253;81624855;81627894;81629636;81630190;81636093;81637290;81640683;81641139;81641391;81642817;81644486;81647366;81651263;81652111;81652289;81654311;81654311;81654311;81654311;81656938;81656938;81656938;81656938;81657664;81657664;81657664;81657664;81659068;81659068;81659068;81659068;81659744;81659744;81659744;81659744;81666281;81666281;81666281;81666281;81669433;81669433;81669433;81669433;81670405;81670405;81670405;81670405;81671899;81671899;81671899;81671899;81672893;81672893;81672893;81672893;81673648;81673648;81673648;81673648;81677177;81677177;81677177;81677177;81679825;81679825;81679825;81679825;81681210;81681500;81681210;81681210;81684558;81684558;81684558;81688280;81688280;81688280;81691668;81691668;81691668;81691668;81692756;81692763;81692763;81692763;81705442;81705442;81705442;81705442;81707231;81707770;81707770;81707770;81708983;81708983;81708983;81708983;81709699;81709699;81709699;81709699;81711949;81711949;81711949;81711949;81713224;81713224;81713224;81713224;81714544;81714544;81714544;81714544;81715630;81715630;81715630;81715630;81716641;81716641;81716641;81716641;81716853;81716853;81716853;81716853;81718759;81721557;81721557;81721557;81723254;81723254;81723254;81726511;81726511;81726511;81726511;81727115;81727115;81727115;81727115;81727969;81727969;81727969;81727969;81727969;81729924;81729924;81729924;81729924;81729924;81729924;81732200;81732264;81732264;81732264;81732975;81732264;81740772;81740772;81740772;81740772;81741258;81741258;81741258;81741258;81743477;81743477;81743477;81743477;81781260;81781258;81781258;81781273	-;-;-;-;-;-;-;-;-;-;-;-;-;-;-;-;-;-;-;-;-;-;-;-;-;-;-;-;-;-;-;-;-;-;-;-;-;-;-;-;-;-;-;-;-;-;-;-;-;-;-;-;-;-;-;-;-;-;-;-;-;-;-;-;-;-;-;-;-;-;-;-;-;-;-;-;-;-;-;-;-;-;-;-;-;-;-;-;-;-;-;-;-;-;-;-;-;-;-;-;-;-;-;-;-;-;-;-;-;-;-;-;-;-;-;-;-;-;-;-;-;-;-;-;-;-;-;-;-;-;-;-;-;-;-;-;-;-;-;-;-;-;-;-;-;-;-;-;-;-;-;-;-;-;-;-;-;-;-;-;-;-;-;-;-;-;-;-;-;-;-;-;-;-;-;-;-;-;-;-;-;-;-;-;-;-;-;-;-;-;-;-;-;-;-;-;-;-;-;-;-;-;-;-;-;-;-;-;-;-;-;-;-;-;-;-;-;-;-;-;-;-;-;-;-;-;-;-;-;-;-;-;-;-;-;-;-;-;-;-;-;-;-;-;-;-;-;-;-;-;-;-;-;-;-;-;-;-;-	24878	1231	122	288	267	791	606	Adgrv1	protein_coding	90.309219	23.457767	23.341989	27.388023	73.96559	46.859468	1.9402671	-0.22970813	0.65738736	0.88709549	True	0.1	True	True	True	True	True	True	top 5%	True	CLIP top20%; abs(RNA_log2FC)<=0.5; TE_log2FC>=0.75	other
97	ENSMUSG00000030760.15	chr7;chr7;chr7;chr7;chr7;chr7;chr7;chr7;chr7;chr7;chr7;chr7;chr7;chr7;chr7;chr7;chr7;chr7;chr7;chr7;chr7;chr7;chr7;chr7;chr7;chr7;chr7;chr7;chr7;chr7;chr7;chr7;chr7;chr7;chr7;chr7;chr7;chr7;chr7;chr7	97855596;97862865;97865650;97867263;97867263;97867263;97872153;97873119;97873119;97873119;97875606;97875606;97875606;97879657;97893156;97893156;97893156;97901097;97901097;97901097;97901097;97906903;97906903;97906903;97906903;97908612;97908612;97908612;97910794;97910794;97910794;97910794;97915344;97915344;97915344;97915344;97958555;97958555;97958555;97970332	97866097;97866097;97866097;97867308;97867308;97867308;97876095;97873223;97873223;97873223;97875707;97875707;97875707;97879820;97893214;97893214;97893214;97901132;97901132;97901132;97901132;97906984;97906984;97906984;97906984;97908664;97908664;97908664;97910846;97910846;97910846;97910846;97915454;97915454;97915454;97915454;97958713;97958735;97958745;97970415	-;-;-;-;-;-;-;-;-;-;-;-;-;-;-;-;-;-;-;-;-;-;-;-;-;-;-;-;-;-;-;-;-;-;-;-;-;-;-;-	15324	577	49	124	114	148	112	Acer3	protein_coding	42.330154	9.4215622	10.050023	11.693763	13.839327	8.6604958	2.1558197	-0.21654103	0.67007643	0.88661746	True	0.1	True	True	True	True	True	True	top 5%	True	CLIP top20%; abs(RNA_log2FC)<=0.5; TE_log2FC>=0.75	other
98	ENSMUSG00000030201.16	chr6;chr6;chr6;chr6;chr6;chr6;chr6;chr6;chr6;chr6;chr6;chr6;chr6;chr6;chr6;chr6;chr6;chr6;chr6;chr6;chr6;chr6;chr6;chr6;chr6;chr6;chr6;chr6;chr6;chr6;chr6;chr6;chr6;chr6;chr6;chr6;chr6;chr6;chr6;chr6;chr6;chr6;chr6	134423439;134427446;134430513;134430513;134431660;134431660;134433018;134433018;134434621;134434621;134436195;134436195;134438726;134439361;134439499;134439499;134441358;134441358;134441358;134444472;134444472;134444472;134445606;134445606;134447652;134447652;134456472;134457339;134461177;134462607;134463418;134483159;134484249;134488119;134488247;134490186;134490186;134497359;134497359;134517737;134518615;134543606;134543606	134428043;134428043;134430610;134430610;134431796;134431796;134433248;134433248;134434731;134434731;134436431;134436431;134441971;134439624;134439624;134439624;134441567;134441567;134441567;134444724;134444662;134444662;134445817;134445817;134448256;134447854;134456798;134457523;134461403;134462896;134463634;134483330;134484645;134488250;134488250;134490382;134490382;134497556;134497556;134518677;134519008;134543928;134543876	-;-;-;-;-;-;-;-;-;-;-;-;-;-;-;-;-;-;-;-;-;-;-;-;-;-;-;-;-;-;-;-;-;-;-;-;-;-;-;-;-;-;-	13672	8525	667	1873	1330	1170	690	Lrp6	protein_coding	625.41519	128.24861	151.80398	136.42723	109.40549	53.35484	2.2849772	0.15397095	1.0346107	0.88063972	True	0.1	True	True	True	True	True	True	top 5%	True	CLIP top20%; abs(RNA_log2FC)<=0.5; TE_log2FC>=0.75	cell_surface_adhesion_symbol
99	ENSMUSG00000027366.13	chr2;chr2;chr2;chr2;chr2;chr2;chr2;chr2;chr2;chr2;chr2;chr2;chr2;chr2;chr2;chr2;chr2;chr2;chr2;chr2;chr2;chr2;chr2;chr2;chr2;chr2;chr2;chr2;chr2	126732311;126736184;126746830;126746830;126750026;126750026;126754563;126754563;126755220;126755452;126755452;126756794;126759131;126759131;126759720;126759720;126759720;126761559;126761559;126761559;126762238;126762238;126765376;126765376;126767666;126768208;126768737;126769669;126774867	126736206;126736206;126746990;126746990;126750100;126750100;126754665;126754665;126755273;126755508;126755508;126759205;126759205;126759205;126759801;126759801;126759801;126762334;126761660;126761660;126762265;126762334;126765608;126765527;126767799;126768297;126768919;126769788;126775155	-;-;-;-;-;-;-;-;-;-;-;-;-;-;-;-;-;-;-;-;-;-;-;-;-;-;-;-;-	8665	788	71	243	163	347	193	Sppl2a	protein_coding	57.809638	13.651651	19.694803	16.720029	32.44761	14.92389	2.0741986	0.23494156	1.1152932	0.88035164	True	0.1	True	True	True	True	True	True	top 5%	True	CLIP top20%; abs(RNA_log2FC)<=0.5; TE_log2FC>=0.75	other
100	ENSMUSG00000028347.15	chr4;chr4;chr4;chr4;chr4;chr4;chr4;chr4;chr4;chr4;chr4;chr4;chr4;chr4;chr4;chr4;chr4;chr4;chr4;chr4;chr4;chr4;chr4;chr4;chr4;chr4;chr4;chr4;chr4;chr4;chr4;chr4;chr4;chr4;chr4	48585174;48585365;48585551;48604581;48604581;48604581;48610413;48610413;48610413;48614957;48614957;48614957;48617232;48617235;48617235;48636840;48636840;48636840;48636934;48638980;48638980;48638980;48638980;48650295;48650295;48650295;48650295;48658774;48658774;48658774;48658774;48660155;48662001;48662001;48662001	48585641;48585641;48585641;48604690;48604690;48604690;48610542;48610542;48610542;48614983;48614983;48614983;48617331;48617331;48617331;48636988;48636988;48636988;48636988;48639045;48639045;48639045;48639045;48650418;48650418;48650418;48650418;48658932;48658932;48658932;48658932;48660239;48662470;48662085;48663131	+;+;+;+;+;+;+;+;+;+;+;+;+;+;+;+;+;+;+;+;+;+;+;+;+;+;+;+;+;+;+;+;+;+;+	2549	6147	564	2411	1637	1877	1061	Tmeff1	protein_coding	450.9592	108.4441	195.40811	167.91833	175.51632	82.042733	2.0550354	0.21860986	1.0962221	0.87761224	True	0.1	True	True	True	True	True	True	top 5%	True	CLIP top20%; abs(RNA_log2FC)<=0.5; TE_log2FC>=0.75	other
101	ENSMUSG00000062949.14	chrX;chrX;chrX;chrX;chrX;chrX;chrX;chrX;chrX;chrX;chrX;chrX;chrX;chrX;chrX;chrX;chrX;chrX;chrX;chrX;chrX;chrX;chrX;chrX;chrX;chrX;chrX;chrX;chrX;chrX;chrX;chrX;chrX;chrX;chrX;chrX;chrX;chrX;chrX;chrX;chrX;chrX;chrX;chrX;chrX;chrX;chrX;chrX;chrX;chrX;chrX;chrX;chrX;chrX;chrX;chrX;chrX;chrX;chrX;chrX;chrX;chrX;chrX;chrX;chrX;chrX;chrX;chrX;chrX;chrX;chrX;chrX;chrX;chrX;chrX;chrX;chrX;chrX;chrX;chrX;chrX;chrX;chrX;chrX;chrX;chrX;chrX;chrX;chrX;chrX;chrX;chrX;chrX;chrX;chrX;chrX;chrX;chrX;chrX;chrX;chrX;chrX;chrX;chrX;chrX;chrX;chrX;chrX;chrX;chrX;chrX;chrX;chrX;chrX;chrX;chrX;chrX;chrX;chrX;chrX;chrX;chrX;chrX;chrX;chrX;chrX	59268650;59268653;59268653;59270983;59274508;59274508;59280821;59281917;59281917;59281917;59281917;59283830;59283830;59283830;59283830;59283830;59286133;59286133;59286133;59286133;59286133;59288122;59288122;59288122;59288122;59288122;59290524;59290524;59290524;59290524;59290524;59293249;59293249;59293249;59293249;59293249;59305521;59305521;59305521;59305521;59305521;59307012;59307012;59307012;59307012;59307012;59312096;59312096;59312096;59312096;59312096;59315094;59315094;59315094;59315094;59321968;59321968;59321968;59321968;59322737;59322737;59322737;59322737;59324154;59324154;59324154;59324154;59325392;59325392;59325392;59325392;59326017;59326017;59326017;59326017;59326928;59326928;59326928;59326928;59335254;59335254;59335254;59335254;59335930;59335930;59335930;59335930;59337280;59337280;59337280;59337280;59337679;59337679;59337679;59337679;59338967;59338967;59338967;59340549;59340549;59340549;59340549;59342321;59342321;59342321;59342321;59349585;59349585;59349585;59349585;59352557;59352557;59352557;59352557;59355076;59355076;59355076;59355076;59366794;59366794;59366794;59366794;59448996;59448996;59636136;59636136	59271153;59271153;59271153;59271153;59274612;59274612;59282070;59282070;59282070;59282070;59282070;59283933;59283933;59283933;59283933;59283933;59286198;59286198;59286198;59286198;59286198;59288257;59288257;59288257;59288257;59288257;59290651;59290651;59290651;59290651;59290651;59293308;59293308;59293308;59293308;59293308;59305666;59305657;59305666;59305666;59305666;59307114;59307114;59307114;59307114;59307114;59312270;59312190;59312270;59312270;59312270;59315357;59315357;59315357;59315357;59322149;59322149;59322149;59322149;59322840;59322840;59322840;59322840;59324227;59324227;59324227;59324227;59325463;59325463;59325463;59325463;59326168;59326168;59326168;59326168;59327089;59327089;59327089;59327089;59335451;59335451;59335451;59335451;59336080;59336080;59336080;59336080;59337361;59337361;59337361;59337361;59337743;59337743;59337743;59337743;59339017;59339017;59339017;59340652;59340652;59340652;59340652;59342449;59342449;59342449;59342449;59349692;59349692;59349692;59349692;59352637;59352637;59352637;59352637;59355165;59355165;59355165;59355165;59366913;59366913;59366913;59366913;59449172;59449172;59636304;59636304	-;-;-;-;-;-;-;-;-;-;-;-;-;-;-;-;-;-;-;-;-;-;-;-;-;-;-;-;-;-;-;-;-;-;-;-;-;-;-;-;-;-;-;-;-;-;-;-;-;-;-;-;-;-;-;-;-;-;-;-;-;-;-;-;-;-;-;-;-;-;-;-;-;-;-;-;-;-;-;-;-;-;-;-;-;-;-;-;-;-;-;-;-;-;-;-;-;-;-;-;-;-;-;-;-;-;-;-;-;-;-;-;-;-;-;-;-;-;-;-;-;-;-;-;-;-	7312	928	127	322	355	233	215	Atp11c	protein_coding	68.080386	24.419151	26.097641	36.414787	21.787588	16.625059	1.4754477	-0.47904391	0.38810171	0.86714562	True	0.1	True	True	True	True	True	True	top 5%	True	CLIP top20%; abs(RNA_log2FC)<=0.5; TE_log2FC>=0.75	transporter_or_channel_symbol
102	ENSMUSG00000035107.14	chr16;chr16;chr16;chr16;chr16;chr16;chr16;chr16;chr16;chr16;chr16;chr16;chr16;chr16;chr16;chr16;chr16;chr16;chr16;chr16;chr16;chr16;chr16;chr16;chr16;chr16;chr16;chr16;chr16;chr16;chr16;chr16;chr16;chr16;chr16;chr16;chr16;chr16;chr16;chr16;chr16;chr16;chr16	58228806;58244924;58253689;58265704;58268815;58269179;58270162;58271087;58272024;58275489;58275554;58276209;58276440;58276440;58276646;58276646;58276646;58276740;58280562;58280606;58280608;58281095;58281318;58281318;58281318;58281318;58281318;58283422;58283422;58283422;58283422;58283422;58283422;58284553;58284553;58284553;58284553;58284553;58285686;58285686;58285686;58285686;58285686	58229314;58245151;58253826;58265755;58268887;58269312;58270202;58271302;58272148;58275639;58275639;58276520;58276520;58276520;58276909;58276771;58276771;58276771;58280919;58281411;58281219;58281219;58281411;58281411;58281411;58281411;58281411;58283471;58283471;58284186;58283471;58283471;58283471;58284690;58284690;58284690;58284686;58284690;58287150;58286190;58287087;58285741;58290090	+;+;+;+;+;+;+;+;+;+;+;+;+;+;+;+;+;+;+;+;+;+;+;+;+;+;+;+;+;+;+;+;+;+;+;+;+;+;+;+;+;+;+	8401	1566	282	709	513	406	246	Dcbld2	protein_coding	114.88565	54.222052	57.463439	52.621931	37.964639	19.02216	1.081844	0.12674956	0.99320587	0.8664563	True	0.1	True	True	True	True	True	True	5-20%	True	CLIP top20%; abs(RNA_log2FC)<=0.5; TE_log2FC>=0.75	other
103	ENSMUSG00000034723.12	chr2;chr2;chr2;chr2;chr2;chr2;chr2;chr2;chr2;chr2;chr2;chr2;chr2;chr2;chr2;chr2;chr2;chr2;chr2;chr2;chr2;chr2	134436105;134440923;134441930;134442808;134442808;134449386;134451451;134451451;134462475;134462475;134462475;134463308;134463308;134463308;134481411;134481642;134481642;134481642;134483646;134485762;134485762;134485762	134440785;134441993;134441993;134442909;134442909;134451496;134451496;134451496;134462603;134462603;134462603;134463353;134463353;134463353;134481757;134481757;134481757;134481757;134486052;134486010;134485961;134486065	-;-;-;-;-;-;-;-;-;-;-;-;-;-;-;-;-;-;-;-;-;-	10907	800	86	135	149	158	146	Tmx4	protein_coding	58.689988	16.535803	10.941557	15.283953	14.774416	11.289575	1.821279	-0.47848255	0.38511914	0.86360169	True	0.1	True	True	True	True	True	True	top 5%	True	CLIP top20%; abs(RNA_log2FC)<=0.5; TE_log2FC>=0.75	er_redox_chaperone_symbol
104	ENSMUSG00000005873.7	chr18;chr18;chr18;chr18;chr18;chr18;chr18;chr18;chr18;chr18;chr18;chr18;chr18;chr18;chr18;chr18;chr18;chr18;chr18	34477938;34480045;34482688;34482688;34482688;34482789;34489477;34490145;34490145;34490145;34490145;34497163;34505458;34505458;34505458;34505458;34505458;34506257;34506951	34480221;34480221;34482856;34482856;34482856;34482856;34489574;34490283;34490283;34490283;34490283;34497190;34505551;34505551;34505551;34505551;34505550;34506422;34507123	-;-;-;-;-;-;-;-;-;-;-;-;-;-;-;-;-;-;-	3151	404	74	209	232	375	350	Reep5	protein_coding	29.638444	14.228482	16.939152	23.797832	35.065861	27.064049	1.0534434	-0.48802624	0.37247699	0.86050322	True	0.1	True	True	True	True	True	True	5-20%	True	CLIP top20%; abs(RNA_log2FC)<=0.5; TE_log2FC>=0.75	other
105	ENSMUSG00000074746.4	chr19;chr19;chr19;chr19;chr19	59285610;59293590;59303690;59316183;59333151	59290140;59293752;59303792;59316305;59334212	-;-;-;-;-	5982	1945	279	727	636	158	116	Pdzd8	protein_coding	142.69003	53.645222	58.922313	65.238886	14.774416	8.9697992	1.4096869	-0.14668138	0.71369052	0.86037191	True	0.1	True	True	True	True	True	True	top 5%	True	CLIP top20%; abs(RNA_log2FC)<=0.5; TE_log2FC>=0.75	other
106	ENSMUSG00000029233.16	chr5;chr5;chr5;chr5;chr5;chr5;chr5;chr5;chr5;chr5;chr5;chr5;chr5;chr5;chr5;chr5;chr5;chr5;chr5;chr5;chr5;chr5;chr5;chr5;chr5;chr5;chr5;chr5;chr5;chr5;chr5;chr5;chr5	76288118;76288118;76288153;76288547;76288577;76288627;76294484;76295533;76295533;76295533;76295533;76295533;76295808;76297050;76297050;76297050;76297050;76297050;76297050;76297600;76297600;76297600;76297600;76297600;76297600;76300616;76301371;76301371;76301371;76302370;76302370;76302370;76302370	76288395;76288395;76288395;76288715;76288830;76288709;76294607;76295675;76295675;76295675;76295675;76295675;76295955;76297085;76297085;76297085;76297085;76297085;76297085;76297797;76297794;76297797;76297602;76297797;76299362;76301505;76301505;76301505;76301505;76303351;76303093;76303091;76303326	+;+;+;+;+;+;+;+;+;+;+;+;+;+;+;+;+;+;+;+;+;+;+;+;+;+;+;+;+;+;+;+;+	4648	254	53	123	91	238	148	Srd5a3	protein_coding	18.634071	10.190669	9.9689746	9.3344946	22.255133	11.444227	0.86432763	0.093899624	0.95343462	0.859535	True	0.1	True	True	True	True	True	True	5-20%	True	CLIP top20%; abs(RNA_log2FC)<=0.5; TE_log2FC>=0.75	other
107	ENSMUSG00000023068.17	chr10;chr10;chr10;chr10;chr10;chr10;chr10;chr10	52293643;52305027;52305289;52306163;52306163;52309441;52309441;52312673	52294264;52305414;52305414;52306312;52306312;52309540;52309468;52316279	+;+;+;+;+;+;+;+	4867	2738	448	1210	1178	317	260	Nus1	protein_coding	200.86648	86.139997	98.068775	120.83555	29.642341	20.104722	1.2205259	-0.30090224	0.55782569	0.85872793	True	0.1	True	True	True	True	True	True	5-20%	True	CLIP top20%; abs(RNA_log2FC)<=0.5; TE_log2FC>=0.75	other
108	ENSMUSG00000022656.16	chr16;chr16;chr16;chr16;chr16;chr16;chr16;chr16;chr16;chr16;chr16;chr16;chr16;chr16;chr16;chr16;chr16;chr16;chr16;chr16;chr16;chr16;chr16;chr16;chr16;chr16;chr16;chr16;chr16;chr16;chr16;chr16;chr16;chr16;chr16;chr16;chr16;chr16;chr16;chr16;chr16;chr16;chr16;chr16;chr16	46208069;46215221;46215268;46215352;46215806;46216443;46216443;46216443;46216443;46231470;46231470;46256342;46256717;46256717;46256717;46256754;46258293;46258293;46258293;46258293;46258293;46267532;46268492;46274987;46274987;46274987;46275025;46278477;46278477;46278477;46278477;46279178;46279178;46279178;46279215;46284181;46284181;46284181;46284181;46284181;46316978;46316978;46316978;46316978;46318754	46215635;46215635;46215635;46215635;46216505;46216505;46216484;46216505;46216505;46231532;46231588;46256801;46256801;46256801;46256801;46256801;46258996;46258431;46258418;46258431;46258431;46269331;46268873;46275138;46275138;46275138;46275138;46278594;46278594;46278594;46278594;46279474;46279474;46279474;46279474;46284522;46284522;46284522;46284522;46284522;46317135;46317330;46317215;46317330;46318888	-;-;-;-;-;-;-;-;-;-;-;-;-;-;-;-;-;-;-;-;-;-;-;-;-;-;-;-;-;-;-;-;-;-;-;-;-;-;-;-;-;-;-;-;-	12747	4387	212	471	484	486	421	Nectin3	protein_coding	321.84122	40.762677	38.173878	49.647202	45.445356	32.554185	2.9779417	-0.37825529	0.48003605	0.85829135	True	0.1	True	True	True	True	True	True	top 5%	True	CLIP top20%; abs(RNA_log2FC)<=0.5; TE_log2FC>=0.75	other
109	ENSMUSG00000069237.9	chr13;chr13;chr13;chr13;chr13;chr13;chr13	46822998;46824667;46824685;46827022;46827022;46827729;46828988	46823731;46824805;46824805;46827145;46827290;46827868;46831532	+;+;+;+;+;+;+	3827	1250	235	706	540	318	205	Fam8a1	protein_coding	91.703106	45.185043	57.220293	55.391507	29.73585	15.8518	1.0195083	0.046779017	0.90332763	0.85654862	True	0.1	True	True	True	True	True	True	5-20%	True	CLIP top20%; abs(RNA_log2FC)<=0.5; TE_log2FC>=0.75	other
110	ENSMUSG00000026411.18	chr1;chr1;chr1;chr1;chr1;chr1;chr1;chr1;chr1;chr1;chr1;chr1;chr1;chr1;chr1;chr1;chr1;chr1;chr1;chr1;chr1;chr1	135935888;135945705;135945800;135946244;135946244;135946244;135947396;135947396;135947396;135952356;135952356;135952356;135954735;135955135;135955135;135955135;135960992;135961806;135961806;135961806;135961806;135961806	135936153;135945800;135945986;135946345;135946345;135946345;135947487;135947487;135947487;135952464;135952464;135952464;135955266;135955266;135955266;135955266;135961059;135962518;135962137;135962030;135963080;135962005	+;+;+;+;+;+;+;+;+;+;+;+;+;+;+;+;+;+;+;+;+;+	2726	1035	187	439	386	868	646	Tmem9	protein_coding	75.930172	35.955758	35.580324	39.59467	81.16578	49.952503	1.0763424	-0.15381657	0.69920577	0.85302235	True	0.1	True	True	True	True	True	True	5-20%	True	CLIP top20%; abs(RNA_log2FC)<=0.5; TE_log2FC>=0.75	transmembrane_symbol
111	ENSMUSG00000037270.19	chr3;chr3;chr3;chr3;chr3;chr3;chr3;chr3;chr3;chr3;chr3;chr3;chr3;chr3;chr3;chr3;chr3;chr3;chr3;chr3;chr3;chr3;chr3;chr3;chr3;chr3;chr3;chr3;chr3;chr3;chr3;chr3;chr3;chr3;chr3;chr3;chr3;chr3;chr3;chr3;chr3;chr3;chr3;chr3;chr3;chr3;chr3;chr3;chr3;chr3;chr3;chr3;chr3;chr3;chr3;chr3;chr3;chr3;chr3;chr3;chr3;chr3;chr3;chr3;chr3;chr3;chr3;chr3;chr3;chr3;chr3;chr3;chr3;chr3;chr3;chr3;chr3;chr3;chr3;chr3;chr3;chr3;chr3;chr3;chr3;chr3;chr3;chr3;chr3;chr3;chr3;chr3;chr3;chr3;chr3;chr3;chr3;chr3;chr3;chr3;chr3;chr3;chr3;chr3;chr3;chr3;chr3;chr3;chr3;chr3;chr3;chr3;chr3;chr3;chr3;chr3;chr3;chr3;chr3;chr3;chr3;chr3;chr3;chr3;chr3;chr3;chr3;chr3;chr3;chr3;chr3;chr3;chr3;chr3;chr3;chr3;chr3;chr3;chr3;chr3;chr3;chr3;chr3;chr3;chr3;chr3;chr3;chr3;chr3;chr3;chr3;chr3;chr3;chr3;chr3;chr3;chr3;chr3;chr3;chr3;chr3;chr3;chr3;chr3;chr3;chr3;chr3;chr3;chr3;chr3;chr3;chr3;chr3;chr3;chr3;chr3;chr3;chr3;chr3;chr3;chr3;chr3;chr3;chr3;chr3;chr3;chr3;chr3;chr3;chr3;chr3;chr3;chr3;chr3;chr3;chr3;chr3;chr3;chr3;chr3;chr3;chr3;chr3;chr3;chr3;chr3;chr3;chr3;chr3;chr3;chr3;chr3;chr3;chr3;chr3;chr3;chr3;chr3;chr3;chr3;chr3;chr3;chr3;chr3;chr3;chr3;chr3;chr3;chr3;chr3;chr3;chr3;chr3;chr3;chr3;chr3;chr3;chr3;chr3;chr3;chr3;chr3;chr3;chr3;chr3;chr3;chr3;chr3;chr3;chr3;chr3;chr3;chr3;chr3;chr3;chr3;chr3;chr3;chr3;chr3;chr3;chr3;chr3;chr3;chr3;chr3;chr3;chr3;chr3;chr3;chr3;chr3;chr3;chr3;chr3;chr3;chr3;chr3;chr3;chr3;chr3;chr3;chr3;chr3;chr3;chr3;chr3;chr3;chr3;chr3;chr3;chr3;chr3;chr3;chr3;chr3;chr3;chr3;chr3;chr3;chr3;chr3;chr3;chr3;chr3;chr3;chr3;chr3;chr3;chr3;chr3;chr3;chr3;chr3;chr3;chr3;chr3;chr3;chr3;chr3;chr3;chr3;chr3;chr3;chr3;chr3;chr3;chr3;chr3;chr3;chr3;chr3;chr3;chr3;chr3;chr3;chr3;chr3;chr3;chr3;chr3;chr3;chr3;chr3;chr3;chr3;chr3;chr3;chr3;chr3;chr3;chr3;chr3;chr3;chr3;chr3;chr3;chr3;chr3;chr3;chr3;chr3;chr3;chr3;chr3;chr3;chr3;chr3;chr3;chr3;chr3;chr3;chr3;chr3;chr3;chr3;chr3;chr3;chr3;chr3;chr3;chr3;chr3;chr3;chr3;chr3;chr3;chr3;chr3;chr3;chr3;chr3;chr3;chr3;chr3;chr3;chr3;chr3;chr3;chr3;chr3;chr3;chr3;chr3;chr3;chr3;chr3;chr3;chr3;chr3;chr3;chr3;chr3;chr3;chr3;chr3;chr3;chr3;chr3;chr3;chr3;chr3;chr3;chr3;chr3;chr3;chr3;chr3;chr3;chr3;chr3;chr3;chr3;chr3;chr3;chr3;chr3;chr3;chr3;chr3;chr3;chr3;chr3;chr3;chr3;chr3;chr3;chr3;chr3;chr3;chr3;chr3;chr3	36917253;36917255;36917270;36917270;36917305;36918536;36918536;36918536;36918536;36918536;36918618;36924147;36924147;36924147;36924147;36924147;36924147;36924147;36924160;36924177;36928347;36928347;36928347;36928347;36928347;36928347;36928347;36928347;36928347;36929599;36929599;36929599;36929599;36929599;36929599;36929599;36929599;36929599;36931823;36931823;36931823;36931823;36931823;36931823;36931823;36931823;36931823;36939506;36939506;36939506;36939506;36939506;36939506;36939506;36939506;36939506;36941368;36941368;36941368;36941368;36941368;36941368;36941368;36941368;36941368;36941824;36941824;36941824;36941824;36941824;36941824;36941824;36941824;36941824;36943972;36943972;36943972;36943972;36943972;36943972;36944944;36944944;36944944;36944944;36944944;36944944;36944968;36949408;36949408;36949408;36949408;36949408;36949408;36949408;36949522;36949955;36949955;36949955;36949955;36949955;36949955;36949955;36960840;36960840;36960840;36960840;36960840;36960840;36960840;36962281;36962281;36962281;36962281;36962281;36962281;36962281;36962297;36971767;36971767;36971767;36971767;36971767;36971767;36971767;36971767;36972601;36972601;36972601;36972601;36972601;36972601;36972601;36972601;36974004;36974004;36974004;36974004;36974004;36974004;36974004;36974004;36974329;36974329;36974329;36974329;36974329;36974329;36974329;36975368;36975368;36975368;36975368;36975368;36975368;36975368;36982584;36982584;36982584;36982584;36982584;36982584;36982584;36985147;36985147;36985147;36985147;36985147;36985147;36985147;36991138;36991138;36991138;36991138;36991141;36991141;36992595;36992595;36992595;36992595;36992595;36992595;36994902;36994902;36994902;36994902;36994902;36994902;36996332;36996332;36996332;36996332;36996332;36996332;36997268;36997268;36997268;36997268;36997268;36997268;37000370;37000397;37000397;37000397;37000397;37000397;37001890;37001890;37001890;37001890;37001890;37001890;37003291;37003291;37003291;37004032;37004035;37004035;37006267;37006267;37006267;37007986;37007986;37007986;37010788;37010788;37010788;37011119;37011119;37011119;37012837;37012837;37012837;37013486;37013486;37013486;37019024;37019024;37019024;37019670;37019670;37019670;37019991;37019991;37019991;37021259;37021259;37021259;37023295;37023295;37023295;37027380;37027380;37027380;37028317;37028317;37028317;37029736;37029736;37029736;37037518;37037518;37037518;37041120;37041120;37041120;37042219;37042219;37042219;37043944;37043944;37043944;37046826;37046826;37046826;37048924;37048924;37050464;37050464;37052339;37052339;37054165;37054165;37056719;37056719;37057898;37057898;37058988;37058988;37061134;37061134;37061335;37062543;37062543;37062543;37065094;37065094;37065094;37065717;37065717;37065717;37065726;37065857;37066634;37067029;37067029;37067029;37067029;37067029;37068554;37068554;37068554;37068554;37068554;37068653;37073005;37074328;37075596;37075596;37075596;37075596;37075596;37075596;37076533;37076533;37076533;37076533;37076533;37076533;37076533;37077119;37077119;37077119;37078575;37080239;37080239;37080239;37080239;37080239;37080380;37082189;37082189;37082189;37082189;37082189;37082189;37082189;37084050;37084050;37084050;37084050;37084050;37084050;37084050;37084696;37084696;37084696;37084696;37084696;37084696;37086514;37086514;37086514;37086514;37086514;37086514;37087411;37087411;37087411;37087411;37087411;37087411;37088702;37088702;37088702;37088702;37088702;37088702;37089926;37089926;37089926;37089926;37089926;37089926;37090806;37090806;37090806;37090806;37090806;37090806;37091972;37092619;37092674;37092674;37092674;37092674;37092674;37093429;37093429;37093429;37093429;37093429;37093429;37094470;37094470;37094470;37094470;37094470;37095151;37095151;37095151;37095151;37095151;37095437;37095437;37095437;37095437;37095437;37095853;37095853;37095853;37095853;37095853;37097130;37098730;37098730;37098730;37098730;37098730;37100383;37100383;37100383;37100383;37100383;37102115;37102115;37102115;37102115;37102115;37102663;37102663;37102663;37102663;37102663;37104912;37104912;37104912;37104912;37104912;37106473;37106473;37106473;37106473;37106473	36917428;36917497;36917497;36917478;36917497;36918634;36918634;36918634;36918634;36918634;36918634;36924273;36924273;36924273;36924273;36924273;36924273;36924273;36924273;36924273;36928463;36928463;36928463;36928463;36928463;36928463;36928463;36928463;36928463;36929677;36929677;36929677;36929677;36929677;36929677;36929677;36929677;36929677;36931887;36931887;36931887;36931887;36931887;36931887;36931887;36931887;36931887;36939692;36939692;36939692;36939692;36939692;36939692;36939692;36939692;36939692;36941449;36941449;36941449;36941449;36941449;36941449;36941440;36941449;36941449;36942017;36943201;36942017;36942017;36942017;36942017;36943194;36942017;36944490;36944051;36944051;36944051;36944145;36944051;36944051;36945094;36945094;36945094;36945094;36945094;36945094;36945094;36949612;36949564;36949564;36949564;36949564;36949564;36949564;36949564;36950033;36950033;36950033;36950033;36950033;36950033;36950033;36960931;36960931;36960931;36960931;36960931;36960931;36960931;36962398;36962398;36962398;36962398;36962398;36962398;36962398;36962398;36971922;36971922;36971922;36971922;36971922;36971922;36971922;36971922;36972698;36972698;36972698;36972698;36972698;36972698;36972698;36972698;36974297;36974049;36974182;36974182;36974182;36974182;36974182;36974182;36974435;36974435;36974435;36974435;36974435;36974435;36974435;36975576;36975576;36975576;36975576;36975576;36975576;36975576;36982811;36982811;36982811;36982811;36982811;36982811;36982811;36985284;36985284;36985284;36986175;36985284;36985284;36985284;36991317;36991317;36991317;36991317;36991317;36991317;36992723;36992723;36992723;36992723;36992723;36992723;36995021;36995021;36995021;36995021;36995021;36995021;36996612;36996612;36996612;36996612;36996612;36996612;36997518;36997518;36997518;36997518;36997545;36997518;37000655;37000655;37000655;37000655;37000655;37000655;37002298;37002303;37002727;37002727;37002301;37002727;37003361;37003361;37003361;37004208;37004208;37004208;37006387;37006387;37006387;37008132;37008132;37008132;37010915;37010915;37010915;37011318;37011318;37011318;37013034;37013034;37013034;37013697;37013697;37013697;37019175;37019175;37019175;37019820;37019820;37019820;37020143;37020143;37020143;37021499;37021499;37021499;37023437;37023437;37023437;37027599;37027599;37027599;37028475;37028475;37028475;37029911;37029911;37029911;37037693;37037693;37037693;37041826;37041826;37041826;37042464;37042464;37042464;37044037;37044037;37044037;37046876;37046876;37046876;37049130;37049130;37050702;37050702;37052583;37052583;37054270;37054270;37056816;37056816;37058083;37058083;37059156;37059156;37061345;37061345;37061345;37062741;37062741;37062741;37065153;37065153;37065153;37065943;37065943;37065943;37065943;37065943;37066834;37067159;37067159;37067159;37067159;37067159;37068677;37068677;37068677;37068677;37068677;37068677;37075705;37078233;37075705;37075705;37075705;37075705;37075705;37075705;37078003;37076623;37076623;37076623;37076623;37076623;37076623;37077181;37077181;37077181;37080492;37080492;37080492;37080492;37080492;37080492;37080492;37082404;37082404;37082404;37082404;37082404;37082404;37082404;37084175;37084230;37084230;37084230;37084230;37084230;37084230;37084792;37084792;37084897;37084792;37084897;37084897;37086675;37086675;37086675;37086675;37086675;37086675;37087550;37087550;37087550;37087550;37087550;37087550;37088903;37088903;37088903;37088903;37088903;37088903;37090126;37090126;37090126;37090126;37090126;37090126;37091989;37090985;37090985;37090985;37090985;37090985;37092811;37095031;37092811;37092811;37092811;37092811;37092811;37095029;37093686;37093686;37093686;37093686;37093686;37094620;37094620;37094620;37094620;37094620;37095308;37095308;37095308;37095308;37095308;37095629;37095629;37095629;37095629;37095629;37096070;37096070;37096070;37096070;37096070;37099879;37098981;37098981;37098981;37098981;37098981;37100586;37100586;37100586;37100586;37100586;37102309;37102309;37102309;37102309;37102309;37102797;37102797;37102797;37102797;37102797;37105077;37105077;37105077;37105077;37105077;37107163;37107165;37107164;37107182;37107182	+;+;+;+;+;+;+;+;+;+;+;+;+;+;+;+;+;+;+;+;+;+;+;+;+;+;+;+;+;+;+;+;+;+;+;+;+;+;+;+;+;+;+;+;+;+;+;+;+;+;+;+;+;+;+;+;+;+;+;+;+;+;+;+;+;+;+;+;+;+;+;+;+;+;+;+;+;+;+;+;+;+;+;+;+;+;+;+;+;+;+;+;+;+;+;+;+;+;+;+;+;+;+;+;+;+;+;+;+;+;+;+;+;+;+;+;+;+;+;+;+;+;+;+;+;+;+;+;+;+;+;+;+;+;+;+;+;+;+;+;+;+;+;+;+;+;+;+;+;+;+;+;+;+;+;+;+;+;+;+;+;+;+;+;+;+;+;+;+;+;+;+;+;+;+;+;+;+;+;+;+;+;+;+;+;+;+;+;+;+;+;+;+;+;+;+;+;+;+;+;+;+;+;+;+;+;+;+;+;+;+;+;+;+;+;+;+;+;+;+;+;+;+;+;+;+;+;+;+;+;+;+;+;+;+;+;+;+;+;+;+;+;+;+;+;+;+;+;+;+;+;+;+;+;+;+;+;+;+;+;+;+;+;+;+;+;+;+;+;+;+;+;+;+;+;+;+;+;+;+;+;+;+;+;+;+;+;+;+;+;+;+;+;+;+;+;+;+;+;+;+;+;+;+;+;+;+;+;+;+;+;+;+;+;+;+;+;+;+;+;+;+;+;+;+;+;+;+;+;+;+;+;+;+;+;+;+;+;+;+;+;+;+;+;+;+;+;+;+;+;+;+;+;+;+;+;+;+;+;+;+;+;+;+;+;+;+;+;+;+;+;+;+;+;+;+;+;+;+;+;+;+;+;+;+;+;+;+;+;+;+;+;+;+;+;+;+;+;+;+;+;+;+;+;+;+;+;+;+;+;+;+;+;+;+;+;+;+;+;+;+;+;+;+;+;+;+;+;+;+;+;+;+;+;+;+;+;+;+;+;+;+;+;+;+;+;+;+;+;+;+;+;+	32279	4929	610	1661	1182	1011	610	4932438A13Rik	protein_coding	361.60369	117.28884	134.62168	121.24585	94.537562	47.168772	1.6235131	0.15085724	1.0015255	0.85066829	True	0.1	True	True	True	True	True	True	top 5%	True	CLIP top20%; abs(RNA_log2FC)<=0.5; TE_log2FC>=0.75	other
112	ENSMUSG00000026980.16	chr2;chr2;chr2;chr2;chr2;chr2;chr2;chr2;chr2;chr2;chr2;chr2;chr2;chr2;chr2;chr2;chr2;chr2;chr2;chr2;chr2;chr2;chr2;chr2;chr2;chr2;chr2;chr2;chr2;chr2;chr2;chr2;chr2;chr2;chr2;chr2;chr2;chr2;chr2;chr2;chr2;chr2;chr2;chr2;chr2;chr2;chr2;chr2;chr2;chr2;chr2;chr2;chr2;chr2;chr2;chr2;chr2;chr2;chr2;chr2;chr2;chr2;chr2;chr2;chr2;chr2;chr2;chr2;chr2;chr2	60122447;60124104;60129391;60129391;60131299;60131299;60133922;60133922;60136674;60136674;60138483;60138483;60141953;60141953;60144501;60144501;60146433;60146433;60148652;60148652;60152042;60152042;60154163;60154163;60158131;60158131;60158734;60158734;60160320;60160320;60161070;60161070;60161421;60161421;60162663;60162663;60163269;60163269;60164790;60164794;60168639;60168639;60170497;60170497;60178697;60178697;60180202;60180202;60182400;60182400;60182698;60182698;60183266;60183266;60184749;60184749;60185713;60185713;60187621;60187621;60188812;60188812;60195355;60195355;60199103;60199103;60206202;60206202;60213482;60213482	60124282;60124282;60129558;60129558;60131421;60131421;60134071;60134071;60136842;60136842;60138709;60138709;60142147;60142147;60144617;60144617;60146600;60146600;60148817;60148817;60152268;60152268;60154292;60154292;60158291;60158291;60158839;60158839;60160459;60160459;60161152;60161152;60161488;60161488;60162838;60162838;60163304;60163300;60164908;60164908;60168707;60168707;60170578;60170578;60178839;60178839;60180401;60180401;60182569;60182569;60182786;60182786;60183376;60183376;60184906;60184906;60185904;60185904;60187761;60187761;60188922;60188922;60195519;60195519;60199273;60199273;60206573;60206573;60213575;60213647	-;-;-;-;-;-;-;-;-;-;-;-;-;-;-;-;-;-;-;-;-;-;-;-;-;-;-;-;-;-;-;-;-;-;-;-;-;-;-;-;-;-;-;-;-;-;-;-;-;-;-;-;-;-;-;-;-;-;-;-;-;-;-;-;-;-;-;-;-;-	6905	6586	997	4478	2587	16827	8258	Ly75	protein_coding	483.16533	191.69995	362.93551	265.36635	1573.4753	638.55691	1.3332131	0.4515817	1.3009332	0.84935151	True	0.1	True	True	True	True	True	True	5-20%	True	CLIP top20%; abs(RNA_log2FC)<=0.5; TE_log2FC>=0.75	other
113	ENSMUSG00000035212.15	chr4;chr4;chr4;chr4;chr4;chr4;chr4;chr4	101504915;101504990;101509596;101509596;101513306;101513375;101515035;101515035	101505022;101505022;101509671;101509671;101513492;101513492;101516561;101516561	+;+;+;+;+;+;+;+	1898	1355	251	736	583	644	433	Leprot	protein_coding	99.406167	48.261472	59.65175	59.802312	60.219772	33.482095	1.0409278	-0.0036307033	0.84493873	0.84856943	True	0.1	True	True	True	True	True	True	5-20%	True	CLIP top20%; abs(RNA_log2FC)<=0.5; TE_log2FC>=0.75	other
114	ENSMUSG00000054408.10	chr8;chr8;chr8;chr8;chr8	54973468;54977976;54979486;54981377;54982798	54976430;54978091;54979562;54981450;54983033	-;-;-;-;-	3466	4291	436	1068	881	1048	735	Spcs3	protein_coding	314.79842	83.832676	86.559877	90.370217	97.997393	56.834504	1.907582	-0.062078747	0.78491157	0.84699032	True	0.1	True	True	True	True	True	True	top 5%	True	CLIP top20%; abs(RNA_log2FC)<=0.5; TE_log2FC>=0.75	other
115	ENSMUSG00000030101.16	chr6;chr6;chr6;chr6;chr6;chr6;chr6;chr6;chr6;chr6;chr6;chr6;chr6;chr6;chr6;chr6;chr6;chr6;chr6;chr6;chr6;chr6;chr6;chr6;chr6;chr6;chr6;chr6;chr6	108083989;108085308;108085437;108085437;108095164;108095581;108095581;108095581;108095581;108103908;108121274;108121552;108121552;108121552;108121552;108129188;108129188;108129188;108130074;108130074;108131920;108131920;108150317;108152949;108152949;108152949;108162254;108162254;108162254	108085547;108085547;108085547;108085547;108095640;108095640;108095640;108095640;108095640;108104024;108121665;108121656;108121665;108121665;108121665;108129247;108129302;108129302;108130196;108130196;108132002;108132002;108150391;108153122;108153122;108153122;108162517;108162517;108162543	-;-;-;-;-;-;-;-;-;-;-;-;-;-;-;-;-;-;-;-;-;-;-;-;-;-;-;-;-	3405	1128	122	410	268	937	521	Sumf1	protein_coding	82.752883	23.457767	33.229915	27.4906	87.617898	40.286771	1.8143491	0.27264084	1.1189885	0.84634761	True	0.1	True	True	True	True	True	True	top 5%	True	CLIP top20%; abs(RNA_log2FC)<=0.5; TE_log2FC>=0.75	other
116	ENSMUSG00000031483.9	chr8;chr8;chr8;chr8;chr8;chr8;chr8;chr8;chr8;chr8;chr8;chr8;chr8;chr8;chr8;chr8;chr8;chr8;chr8;chr8;chr8;chr8;chr8;chr8;chr8;chr8;chr8;chr8;chr8;chr8;chr8;chr8;chr8;chr8;chr8;chr8;chr8;chr8;chr8;chr8;chr8;chr8;chr8;chr8;chr8;chr8;chr8;chr8;chr8;chr8;chr8;chr8;chr8;chr8;chr8;chr8;chr8;chr8;chr8;chr8;chr8;chr8;chr8;chr8;chr8;chr8;chr8	27513289;27513465;27513827;27513835;27513894;27513929;27514862;27514862;27514862;27515085;27515085;27515085;27515085;27515085;27515085;27517197;27517197;27517197;27517197;27517197;27517197;27518927;27518927;27518927;27518927;27518927;27518927;27519203;27519367;27519367;27519367;27519367;27519367;27519403;27519572;27519572;27519572;27519572;27519572;27519572;27521342;27521350;27521726;27521726;27521726;27521726;27521726;27521726;27521726;27521726;27521955;27521955;27521955;27521955;27521955;27522262;27522262;27522262;27522262;27523414;27523414;27523414;27523414;27526018;27526042;27526461;27526461	27513654;27513654;27513934;27513934;27514193;27514193;27514955;27514955;27514955;27515206;27515206;27515206;27515206;27515206;27515206;27517278;27517278;27517278;27517278;27517278;27517278;27518973;27518973;27518973;27518973;27518973;27518973;27519221;27519428;27519428;27519428;27519428;27519428;27519428;27519697;27519697;27519697;27519697;27519697;27519697;27521415;27521415;27521799;27521799;27521996;27521799;27521799;27521778;27521799;27521753;27522013;27522013;27522013;27522012;27522013;27522353;27522353;27522353;27522353;27523448;27523503;27523424;27523503;27526121;27526121;27526641;27530356	+;+;+;+;+;+;+;+;+;+;+;+;+;+;+;+;+;+;+;+;+;+;+;+;+;+;+;+;+;+;+;+;+;+;+;+;+;+;+;+;+;+;+;+;+;+;+;+;+;+;+;+;+;+;+;+;+;+;+;+;+;+;+;+;+;+;+	5829	1977	385	716	739	510	448	Erlin2	protein_coding	145.03763	74.02656	58.030779	75.804303	47.689571	34.641983	0.96935917	-0.38487942	0.46001571	0.84489514	True	0.1	True	True	True	True	True	True	5-20%	True	CLIP top20%; abs(RNA_log2FC)<=0.5; TE_log2FC>=0.75	other
117	ENSMUSG00000016481.16	chr1;chr1;chr1;chr1;chr1;chr1;chr1;chr1;chr1;chr1;chr1;chr1;chr1;chr1;chr1;chr1;chr1;chr1;chr1;chr1;chr1;chr1;chr1;chr1;chr1;chr1;chr1;chr1;chr1;chr1;chr1;chr1;chr1;chr1;chr1;chr1;chr1;chr1;chr1;chr1;chr1;chr1;chr1;chr1;chr1;chr1;chr1;chr1;chr1;chr1;chr1;chr1;chr1	194779690;194780967;194786002;194786098;194786104;194789126;194789126;194793388;194793388;194793388;194793388;194794682;194794682;194794682;194794682;194796963;194796964;194796964;194796964;194796964;194797090;194799787;194799787;194799787;194799787;194799787;194799787;194805998;194805998;194805998;194805998;194805998;194808223;194811455;194811455;194811455;194811455;194811455;194811502;194811954;194812138;194812138;194812138;194812138;194812138;194812138;194813368;194813396;194813496;194813496;194813496;194813496;194813810	194781149;194781149;194789676;194786215;194786215;194789230;194789230;194793463;194793463;194793463;194793463;194794705;194794705;194794705;194794705;194797149;194797149;194797149;194797149;194797149;194797149;194800188;194800188;194799949;194800188;194800188;194800188;194806083;194806083;194806083;194806083;194806083;194811554;194811554;194811770;194811554;194811554;194811554;194811554;194812317;194812317;194812317;194812317;194812317;194812317;194812317;194813631;194813638;194813663;194813842;194813869;194813652;194813894	-;-;-;-;-;-;-;-;-;-;-;-;-;-;-;-;-;-;-;-;-;-;-;-;-;-;-;-;-;-;-;-;-;-;-;-;-;-;-;-;-;-;-;-;-;-;-;-;-;-;-;-;-	10349	818	138	257	255	445	376	Cr1l	protein_coding	60.010513	26.534196	20.829484	26.1571	41.611489	29.074522	1.1743376	-0.32717089	0.5157358	0.84290669	True	0.1	True	True	True	True	True	True	5-20%	True	CLIP top20%; abs(RNA_log2FC)<=0.5; TE_log2FC>=0.75	other
118	ENSMUSG00000019877.11	chr10;chr10;chr10;chr10;chr10;chr10;chr10;chr10;chr10;chr10;chr10;chr10;chr10;chr10;chr10;chr10;chr10;chr10;chr10;chr10;chr10;chr10;chr10;chr10;chr10;chr10	57391870;57395459;57395794;57399052;57399131;57399280;57400057;57400057;57400057;57400416;57400416;57400416;57401321;57401327;57401421;57401421;57401462;57403761;57403761;57403761;57403761;57408453;57408453;57408453;57408453;57408453	57393388;57395689;57395938;57399312;57399312;57399312;57400194;57400083;57400194;57400495;57400495;57400495;57403922;57401590;57401590;57401590;57401590;57403922;57403922;57403922;57403922;57408505;57408573;57408524;57408506;57408626	-;-;-;-;-;-;-;-;-;-;-;-;-;-;-;-;-;-;-;-;-;-;-;-;-;-	5150	3759	358	778	652	1729	1236	Serinc1	protein_coding	275.76958	68.835087	63.055791	66.880115	161.677	95.574757	2.000676	-0.084817845	0.75779625	0.84261409	True	0.1	True	True	True	True	True	True	top 5%	True	CLIP top20%; abs(RNA_log2FC)<=0.5; TE_log2FC>=0.75	other
119	ENSMUSG00000037171.7	chr10;chr10;chr10	61253751;61258761;61260263	61254274;61259476;61261117	+;+;+	2095	1000	207	794	580	1372	856	Nodal	protein_coding	73.362485	39.801293	64.352568	59.494581	128.2943	66.190932	0.88057219	0.11305668	0.95369768	0.840641	True	0.1	True	True	True	True	True	True	5-20%	True	CLIP top20%; abs(RNA_log2FC)<=0.5; TE_log2FC>=0.75	other
120	ENSMUSG00000037152.12	chr3;chr3;chr3;chr3;chr3;chr3;chr3;chr3;chr3;chr3;chr3;chr3;chr3;chr3	51312098;51312876;51312899;51313003;51314757;51314757;51314757;51314757;51315566;51315566;51315566;51315911;51316285;51316285	51313040;51313040;51313040;51313035;51314833;51314833;51314833;51314902;51315669;51315669;51315669;51316087;51316385;51316409	-;-;-;-;-;-;-;-;-;-;-;-;-;-	1495	574	145	446	478	554	507	Ndufc1	protein_coding	42.110066	27.880133	36.147664	49.031741	51.803966	39.204209	0.59318427	-0.43876734	0.40116096	0.8399283	True	0.1	True	True	True	True	True	True	5-20%	True	CLIP top20%; abs(RNA_log2FC)<=0.5; TE_log2FC>=0.75	other
121	ENSMUSG00000029263.16	chr5;chr5;chr5;chr5;chr5;chr5;chr5;chr5;chr5;chr5;chr5;chr5;chr5;chr5;chr5;chr5;chr5;chr5;chr5;chr5;chr5;chr5;chr5;chr5;chr5;chr5;chr5;chr5;chr5;chr5;chr5;chr5;chr5;chr5;chr5;chr5;chr5	108460475;108460475;108460502;108461825;108461825;108461825;108465129;108465129;108466691;108466691;108467762;108467762;108467762;108474683;108474683;108474683;108479841;108479841;108479841;108480550;108480550;108480550;108483970;108483970;108483970;108486421;108486421;108486421;108489661;108489661;108489661;108492090;108492090;108492090;108495703;108495703;108495703	108460944;108460944;108460944;108462030;108462030;108462030;108465338;108465338;108466879;108466879;108467903;108467903;108467903;108474895;108474895;108474895;108480058;108480058;108480034;108480831;108480831;108480831;108484427;108484427;108484427;108486612;108486612;108486612;108489970;108489970;108489970;108492253;108492253;108492253;108496104;108497221;108496099	+;+;+;+;+;+;+;+;+;+;+;+;+;+;+;+;+;+;+;+;+;+;+;+;+;+;+;+;+;+;+;+;+;+;+;+;+	4573	1115	159	283	271	533	436	Pigg	protein_coding	81.799171	30.572008	22.936746	27.79833	49.840277	33.714073	1.4169262	-0.2762418	0.56258003	0.83882183	True	0.1	True	True	True	True	True	True	top 5%	True	CLIP top20%; abs(RNA_log2FC)<=0.5; TE_log2FC>=0.75	other
122	ENSMUSG00000030452.17	chr7;chr7;chr7;chr7;chr7;chr7;chr7;chr7;chr7;chr7;chr7;chr7;chr7;chr7;chr7;chr7;chr7;chr7;chr7;chr7;chr7;chr7;chr7;chr7;chr7;chr7;chr7;chr7;chr7;chr7;chr7;chr7;chr7;chr7;chr7;chr7;chr7;chr7;chr7;chr7;chr7;chr7;chr7;chr7;chr7;chr7;chr7;chr7;chr7;chr7;chr7;chr7;chr7	55581035;55581035;55581035;55581035;55582998;55583263;55585546;55585546;55585546;55585546;55585546;55585546;55585556;55585604;55587320;55587320;55587320;55587320;55587320;55587320;55587320;55587320;55591699;55591876;55592728;55592728;55592728;55592728;55592728;55594229;55594229;55594229;55594229;55594229;55594229;55594229;55594358;55594707;55611200;55611200;55611200;55611200;55611200;55611200;55611200;55611712;55611935;55611948;55611948;55611948;55611948;55611948;55612144	55583295;55583295;55583295;55583295;55583295;55583295;55585706;55585706;55585706;55585706;55585706;55585706;55585706;55585706;55587410;55587410;55587816;55587410;55587410;55587410;55587410;55587410;55592784;55594695;55592784;55592784;55592784;55592784;55592784;55594457;55594457;55594457;55594457;55594457;55594457;55594457;55594457;55594833;55611320;55611320;55611320;55611320;55611320;55612198;55611320;55611921;55611993;55612216;55612224;55612140;55612224;55612187;55612178	-;-;-;-;-;-;-;-;-;-;-;-;-;-;-;-;-;-;-;-;-;-;-;-;-;-;-;-;-;-;-;-;-;-;-;-;-;-;-;-;-;-;-;-;-;-;-;-;-;-;-;-;-	7068	997	138	260	254	321	268	Nipa2	protein_coding	73.142398	26.534196	21.072629	26.054524	30.016377	20.723329	1.4593993	-0.30486005	0.53234749	0.83720754	True	0.1	True	True	True	True	True	True	top 5%	True	CLIP top20%; abs(RNA_log2FC)<=0.5; TE_log2FC>=0.75	other
123	ENSMUSG00000036327.19	chr2;chr2;chr2;chr2;chr2;chr2;chr2;chr2;chr2;chr2;chr2;chr2;chr2;chr2;chr2;chr2;chr2;chr2;chr2;chr2;chr2;chr2	26098649;26099137;26101286;26103993;26103993;26107645;26107645;26108621;26108621;26110642;26110642;26110921;26110921;26112233;26112233;26114853;26114853;26115161;26115161;26116250;26118359;26127055	26101471;26099805;26101471;26104181;26104181;26107795;26107795;26108743;26108743;26110771;26110771;26111055;26111055;26112378;26112378;26114943;26114943;26115266;26115383;26116298;26118459;26127537	-;-;-;-;-;-;-;-;-;-;-;-;-;-;-;-;-;-;-;-;-;-	4644	867	218	486	391	1086	748	Qsox2	protein_coding	63.605275	41.916338	39.389607	40.107554	101.55073	57.83974	0.6004624	-0.02599356	0.81099552	0.83698908	True	0.1	True	True	True	True	True	True	5-20%	True	CLIP top20%; abs(RNA_log2FC)<=0.5; TE_log2FC>=0.75	other
124	ENSMUSG00000052155.6	chr2;chr2;chr2;chr2;chr2;chr2;chr2;chr2;chr2;chr2;chr2;chr2;chr2;chr2;chr2;chr2;chr2	48704121;48760301;48763069;48763331;48780310;48780401;48782141;48782141;48783519;48783519;48784678;48784678;48786984;48786984;48788490;48789606;48789606	48704838;48760508;48763178;48763485;48780453;48780453;48782284;48782284;48783664;48783664;48784792;48784792;48787122;48787122;48788620;48790260;48793281	+;+;+;+;+;+;+;+;+;+;+;+;+;+;+;+;+	5686	1600	82	240	245	195	170	Acvr2a	protein_coding	117.37998	15.766696	19.451658	25.131332	18.234248	13.145395	2.8883412	-0.36792542	0.46905016	0.83697558	True	0.1	True	True	True	True	True	True	top 5%	True	CLIP top20%; abs(RNA_log2FC)<=0.5; TE_log2FC>=0.75	other
125	ENSMUSG00000021917.17	chr14;chr14;chr14;chr14;chr14;chr14;chr14;chr14;chr14;chr14;chr14;chr14;chr14;chr14;chr14;chr14;chr14;chr14;chr14;chr14;chr14;chr14;chr14;chr14	30721783;30721783;30721784;30721784;30721785;30722174;30722353;30722635;30722635;30722635;30722635;30722635;30722801;30722801;30722801;30722801;30722801;30723162;30723162;30723162;30723162;30723162;30723162;30723162	30722179;30722179;30722179;30722179;30722860;30722179;30722721;30722860;30722721;30722721;30722721;30722717;30722860;30722860;30722860;30722860;30722860;30723326;30723324;30723307;30723320;30723623;30723566;30723629	-;-;-;-;-;-;-;-;-;-;-;-;-;-;-;-;-;-;-;-;-;-;-;-	1546	894	134	348	319	530	416	Spcs1	protein_coding	65.586062	25.765089	28.204904	32.72202	49.55975	32.167556	1.3445811	-0.213612	0.62199271	0.83560471	True	0.1	True	True	True	True	True	True	5-20%	True	CLIP top20%; abs(RNA_log2FC)<=0.5; TE_log2FC>=0.75	other
126	ENSMUSG00000019802.14	chr10;chr10;chr10;chr10;chr10;chr10;chr10;chr10;chr10;chr10;chr10;chr10;chr10;chr10;chr10;chr10;chr10;chr10;chr10;chr10;chr10;chr10;chr10;chr10;chr10;chr10;chr10;chr10;chr10;chr10;chr10;chr10;chr10;chr10;chr10;chr10;chr10;chr10;chr10;chr10;chr10;chr10;chr10;chr10;chr10;chr10;chr10;chr10;chr10;chr10;chr10;chr10;chr10;chr10;chr10;chr10;chr10;chr10;chr10;chr10;chr10;chr10	42637492;42637611;42637802;42659438;42659438;42659438;42665296;42665296;42665296;42667175;42667175;42667175;42670771;42670771;42670771;42672202;42672202;42672202;42673679;42674743;42674743;42677629;42677629;42677629;42677818;42677818;42677818;42679886;42679886;42679886;42681072;42681072;42681072;42682520;42682520;42682520;42686839;42686839;42686839;42688432;42688432;42688432;42688661;42688664;42691051;42691051;42692364;42692364;42693924;42693924;42699877;42699877;42699877;42699877;42703873;42703873;42703873;42703873;42704887;42704887;42704887;42704887	42637884;42637884;42637884;42659537;42659537;42659537;42665410;42665410;42665410;42667287;42667287;42667287;42670832;42670832;42670832;42674851;42673729;42672260;42673729;42674851;42674851;42677723;42677723;42677723;42677950;42677950;42677950;42679978;42679978;42679978;42681226;42681226;42681226;42682667;42682667;42682667;42686921;42686921;42686921;42688738;42688491;42688491;42688834;42688834;42691209;42691209;42692465;42692465;42694078;42694028;42699975;42699975;42699975;42699975;42703977;42703977;42703977;42703977;42705279;42705276;42706388;42708510	+;+;+;+;+;+;+;+;+;+;+;+;+;+;+;+;+;+;+;+;+;+;+;+;+;+;+;+;+;+;+;+;+;+;+;+;+;+;+;+;+;+;+;+;+;+;+;+;+;+;+;+;+;+;+;+;+;+;+;+;+;+	8787	3133	189	506	515	417	364	Sec63	protein_coding	229.84467	36.340311	41.010578	52.827085	38.993238	28.146611	2.6576795	-0.36449653	0.46884127	0.83333779	True	0.1	True	True	True	True	True	True	top 5%	True	CLIP top20%; abs(RNA_log2FC)<=0.5; TE_log2FC>=0.75	vesicle_secretory_symbol
127	ENSMUSG00000018800.15	chr11;chr11;chr11;chr11;chr11;chr11;chr11;chr11;chr11;chr11;chr11;chr11;chr11;chr11;chr11;chr11;chr11;chr11;chr11;chr11;chr11;chr11;chr11;chr11;chr11;chr11;chr11;chr11;chr11;chr11;chr11;chr11;chr11;chr11;chr11;chr11;chr11;chr11;chr11;chr11;chr11;chr11;chr11;chr11;chr11;chr11;chr11;chr11;chr11;chr11;chr11;chr11;chr11;chr11;chr11;chr11;chr11;chr11;chr11;chr11;chr11;chr11;chr11;chr11;chr11;chr11;chr11;chr11;chr11;chr11;chr11;chr11;chr11;chr11;chr11;chr11;chr11;chr11;chr11;chr11;chr11;chr11;chr11;chr11	110160195;110164152;110165146;110166090;110167280;110168214;110168388;110168997;110169935;110170118;110170452;110176520;110177590;110177645;110178408;110178408;110178889;110178889;110180617;110180617;110182912;110182912;110184066;110184066;110184613;110184613;110187294;110187294;110188862;110188862;110190717;110190717;110192239;110192239;110192557;110192557;110193819;110193819;110194919;110194919;110195676;110195676;110197071;110197071;110199899;110200216;110200216;110200963;110200963;110202137;110202137;110202137;110204155;110204155;110204155;110205350;110205350;110205350;110208528;110208528;110208528;110210620;110210620;110210620;110210633;110216322;110217386;110217386;110217386;110217386;110218558;110218558;110218558;110219963;110219963;110219963;110219963;110219963;110220160;110228311;110228311;110228420;110228420;110228420	110163392;110164207;110165225;110166239;110167399;110168308;110168463;110169172;110170026;110170235;110170578;110176611;110177664;110177664;110178542;110178542;110179002;110179002;110180787;110180787;110183025;110183025;110184203;110184203;110184740;110184740;110187463;110187463;110189063;110189063;110190836;110190836;110192378;110192378;110192647;110192647;110193957;110193957;110195038;110195038;110195851;110195851;110197181;110197181;110201131;110200274;110200274;110201131;110201131;110202284;110202284;110202284;110204343;110204343;110204343;110205491;110205491;110205491;110208757;110208757;110208757;110210708;110210708;110210708;110210708;110218762;110217547;110218762;110217547;110217547;110218762;110218762;110218762;110220082;110220082;110220082;110220082;110220082;110220248;110228448;110228504;110228542;110228466;110228471	-;-;-;-;-;-;-;-;-;-;-;-;-;-;-;-;-;-;-;-;-;-;-;-;-;-;-;-;-;-;-;-;-;-;-;-;-;-;-;-;-;-;-;-;-;-;-;-;-;-;-;-;-;-;-;-;-;-;-;-;-;-;-;-;-;-;-;-;-;-;-;-;-;-;-;-;-;-;-;-;-;-;-;-	11437	589	52	182	162	206	157	Abca5	protein_coding	43.210504	9.9983926	14.75084	16.617452	19.262846	12.140159	2.1005913	-0.17081039	0.66166872	0.83247911	True	0.1	True	True	True	True	True	True	top 5%	True	CLIP top20%; abs(RNA_log2FC)<=0.5; TE_log2FC>=0.75	other
128	ENSMUSG00000027276.8	chr2;chr2;chr2;chr2;chr2;chr2;chr2;chr2;chr2;chr2;chr2;chr2;chr2;chr2;chr2;chr2;chr2;chr2;chr2;chr2;chr2;chr2;chr2;chr2;chr2;chr2;chr2;chr2;chr2;chr2;chr2	136923376;136924813;136926202;136926202;136926495;136926495;136926842;136927166;136927166;136927838;136927838;136928997;136929536;136930032;136930316;136930517;136931132;136931685;136932775;136933356;136933870;136934417;136935127;136936373;136937367;136938113;136941976;136943501;136948787;136957324;136958097	136925401;136925401;136926352;136926352;136927075;136926626;136927075;136927275;136927275;136927869;136927951;136929082;136929563;136930148;136930429;136930630;136931245;136931849;136932925;136933529;136933916;136934530;136935240;136936486;136937486;136938243;136942036;136943755;136948838;136957629;136958564	-;-;-;-;-;-;-;-;-;-;-;-;-;-;-;-;-;-;-;-;-;-;-;-;-;-;-;-;-;-;-	5827	1072	132	278	279	779	671	Jag1	protein_coding	78.644584	25.380535	22.531504	28.618945	72.843482	51.885649	1.6277851	-0.34367032	0.48866566	0.83233598	True	0.1	True	True	True	True	True	True	top 5%	True	CLIP top20%; abs(RNA_log2FC)<=0.5; TE_log2FC>=0.75	other
129	ENSMUSG00000025198.17	chr19;chr19;chr19;chr19;chr19;chr19;chr19;chr19;chr19;chr19;chr19;chr19;chr19;chr19;chr19;chr19;chr19;chr19;chr19;chr19;chr19;chr19;chr19;chr19;chr19;chr19;chr19;chr19;chr19;chr19;chr19;chr19;chr19;chr19;chr19;chr19;chr19;chr19;chr19;chr19;chr19;chr19;chr19;chr19;chr19;chr19;chr19;chr19;chr19;chr19;chr19;chr19;chr19;chr19	44023383;44023383;44023383;44027612;44027612;44027612;44029186;44029186;44029186;44036074;44036074;44036074;44037561;44037561;44037561;44044561;44044561;44044561;44044590;44047490;44047490;44047490;44047490;44047490;44047492;44050282;44050282;44050282;44050282;44051458;44051458;44051458;44051458;44054511;44055912;44056039;44056039;44056039;44056039;44056039;44056039;44057711;44057711;44057711;44057711;44057711;44057711;44057711;44057755;44058028;44058028;44058028;44058038;44058130	44025587;44025587;44025587;44027691;44027691;44027691;44029275;44029275;44029275;44036165;44036165;44036165;44037619;44037619;44037619;44044634;44044634;44044634;44044634;44047615;44047615;44047615;44047615;44047615;44047585;44050343;44050343;44050343;44050343;44051504;44051504;44051504;44051504;44056120;44056120;44056122;44056120;44056120;44056120;44056120;44056120;44057834;44058183;44057834;44057834;44057834;44057834;44057965;44057834;44058135;44058195;44058214;44058129;44058224	-;-;-;-;-;-;-;-;-;-;-;-;-;-;-;-;-;-;-;-;-;-;-;-;-;-;-;-;-;-;-;-;-;-;-;-;-;-;-;-;-;-;-;-;-;-;-;-;-;-;-;-;-;-	4961	1398	157	409	340	366	261	Erlin1	protein_coding	102.56075	30.187454	33.148867	34.876134	34.22428	20.182048	1.7610925	-0.073065656	0.75902612	0.83209178	True	0.1	True	True	True	True	True	True	top 5%	True	CLIP top20%; abs(RNA_log2FC)<=0.5; TE_log2FC>=0.75	other
130	ENSMUSG00000040010.11	chr8;chr8;chr8;chr8;chr8;chr8;chr8;chr8;chr8;chr8;chr8;chr8;chr8;chr8;chr8	122607889;122609541;122610330;122610330;122611722;122612648;122613019;122613597;122614236;122615061;122615113;122622882;122623167;122623167;122633805	122609834;122609834;122610507;122610653;122611871;122612744;122613122;122613720;122614280;122615166;122615166;122622926;122623241;122623304;122634433	-;-;-;-;-;-;-;-;-;-;-;-;-;-;-	3708	3988	1105	2379	2358	3158	2694	Slc7a5	protein_coding	292.56959	212.46584	192.81456	241.87625	295.30131	208.31585	0.46136307	-0.32690341	0.50321117	0.83011459	True	0.1	True	True	True	True	True	True	5-20%	True	CLIP top20%; abs(RNA_log2FC)<=0.5; TE_log2FC>=0.75	transporter_or_channel_symbol
131	ENSMUSG00000025314.17	chr2;chr2;chr2;chr2;chr2;chr2;chr2;chr2;chr2;chr2;chr2;chr2;chr2;chr2;chr2;chr2;chr2;chr2;chr2;chr2;chr2;chr2;chr2;chr2;chr2;chr2;chr2;chr2;chr2;chr2;chr2;chr2;chr2;chr2;chr2;chr2;chr2;chr2;chr2;chr2;chr2;chr2;chr2;chr2;chr2;chr2;chr2;chr2;chr2;chr2;chr2;chr2;chr2;chr2;chr2;chr2;chr2;chr2;chr2;chr2;chr2;chr2;chr2;chr2;chr2;chr2;chr2;chr2;chr2;chr2;chr2;chr2;chr2;chr2	90260098;90260100;90260570;90260570;90263233;90263233;90266793;90270201;90270201;90270201;90270969;90270969;90270969;90274764;90274764;90274764;90276500;90276500;90276500;90276728;90276728;90276728;90278403;90278403;90278403;90280120;90280120;90280120;90280317;90280317;90280317;90281159;90281159;90281159;90282404;90282404;90282404;90283393;90283393;90283393;90283627;90283627;90283627;90285437;90285437;90285437;90288482;90288482;90288482;90289786;90289786;90289786;90290820;90290820;90290820;90293425;90293425;90293425;90294808;90294808;90294808;90298594;90298594;90298594;90299878;90299878;90299878;90301437;90301437;90301437;90305315;90305315;90309311;90410500	90260390;90260390;90260689;90260789;90266912;90266912;90266912;90270336;90270336;90270336;90271129;90271129;90271129;90274883;90274883;90274883;90276634;90276634;90276634;90276801;90276801;90276801;90278493;90278493;90278493;90280207;90280207;90280207;90280325;90280325;90280325;90281200;90281200;90281200;90282491;90282491;90282491;90283517;90283517;90283517;90283837;90283837;90283837;90285568;90285568;90285568;90288772;90288772;90288772;90290058;90290058;90290058;90291080;90291080;90291080;90293682;90293682;90293682;90295071;90295071;90295071;90298806;90298806;90298806;90300105;90300105;90300105;90301679;90301680;90301679;90305333;90305333;90309514;90410991	-;-;-;-;-;-;-;-;-;-;-;-;-;-;-;-;-;-;-;-;-;-;-;-;-;-;-;-;-;-;-;-;-;-;-;-;-;-;-;-;-;-;-;-;-;-;-;-;-;-;-;-;-;-;-;-;-;-;-;-;-;-;-;-;-;-;-;-;-;-;-;-;-;-	8352	703	109	318	188	790	403	Ptprj	protein_coding	51.573827	20.958169	25.773447	19.28445	73.872081	31.16232	1.2950537	0.41657241	1.242556	0.82598362	True	0.1	True	True	True	True	True	True	5-20%	True	CLIP top20%; abs(RNA_log2FC)<=0.5; TE_log2FC>=0.75	other
132	ENSMUSG00000035000.9	chr2;chr2;chr2;chr2;chr2;chr2;chr2;chr2;chr2;chr2;chr2;chr2;chr2;chr2;chr2;chr2;chr2;chr2;chr2;chr2;chr2;chr2;chr2;chr2;chr2;chr2;chr2;chr2;chr2;chr2;chr2;chr2;chr2;chr2;chr2;chr2;chr2;chr2;chr2;chr2;chr2;chr2;chr2;chr2;chr2;chr2;chr2	62160417;62164600;62164817;62164941;62175400;62175400;62178162;62178845;62182466;62182599;62184883;62184883;62186960;62186960;62187304;62187304;62187714;62189128;62189621;62190629;62190953;62193006;62195061;62195272;62203099;62203099;62204599;62204710;62204710;62208548;62208548;62208548;62209441;62209441;62209621;62209621;62215518;62215518;62216775;62216775;62217409;62217409;62238046;62241559;62242130;62242130;62242130	62163063;62164673;62165013;62165013;62175464;62175490;62178261;62178899;62182660;62182660;62184952;62184952;62187058;62187058;62187351;62187351;62188051;62189249;62189674;62190696;62191060;62193050;62195407;62195407;62203211;62203211;62204870;62204870;62204870;62208668;62208592;62208668;62209513;62209513;62209673;62209673;62215586;62215586;62216866;62216866;62217504;62217504;62238286;62241643;62242203;62242365;62242575	-;-;-;-;-;-;-;-;-;-;-;-;-;-;-;-;-;-;-;-;-;-;-;-;-;-;-;-;-;-;-;-;-;-;-;-;-;-;-;-;-;-;-;-;-;-;-	6319	498	73	221	178	538	375	Dpp4	protein_coding	36.534518	14.036205	17.911735	18.258682	50.307822	28.997196	1.3738088	-0.027525329	0.7927675	0.82029283	True	0.1	True	True	True	True	True	True	5-20%	True	CLIP top20%; abs(RNA_log2FC)<=0.5; TE_log2FC>=0.75	other
133	ENSMUSG00000047789.6	chr13;chr13;chr13;chr13;chr13;chr13;chr13;chr13;chr13;chr13;chr13;chr13;chr13;chr13;chr13;chr13;chr13;chr13;chr13;chr13;chr13;chr13;chr13;chr13;chr13;chr13;chr13;chr13;chr13;chr13;chr13;chr13;chr13;chr13	112797285;112797300;112797302;112797311;112797315;112804905;112806121;112806121;112806121;112806121;112808394;112820596;112820596;112822600;112822600;112825807;112825807;112826056;112826056;112826693;112826693;112831775;112834519;112836763;112837991;112840072;112840072;112850675;112859732;112862581;112865732;112868033;112872144;112874522	112798462;112797406;112797406;112797406;112797406;112806672;112806265;112806265;112806265;112806265;112810219;112821325;112820680;112822732;112822732;112825928;112825928;112826119;112826119;112826728;112826786;112831945;112834578;112838185;112838185;112841495;112840179;112850781;112859845;112862729;112865821;112875283;112872398;112875277	+;+;+;+;+;+;+;+;+;+;+;+;+;+;+;+;+;+;+;+;+;+;+;+;+;+;+;+;+;+;+;+;+;+	16704	595	99	206	227	225	215	Slc38a9	protein_coding	43.650679	19.035401	16.696006	23.284948	21.039517	16.625059	1.1930612	-0.477462	0.3379311	0.8153931	True	0.1	True	True	True	True	True	True	5-20%	True	CLIP top20%; abs(RNA_log2FC)<=0.5; TE_log2FC>=0.75	transporter_or_channel_symbol
134	ENSMUSG00000041891.17	chr18;chr18;chr18;chr18;chr18;chr18;chr18;chr18;chr18;chr18;chr18;chr18;chr18;chr18;chr18;chr18;chr18;chr18;chr18;chr18;chr18;chr18;chr18;chr18;chr18;chr18;chr18;chr18;chr18;chr18;chr18;chr18;chr18;chr18;chr18;chr18;chr18;chr18;chr18;chr18;chr18;chr18;chr18;chr18;chr18;chr18;chr18;chr18;chr18;chr18;chr18;chr18;chr18;chr18;chr18;chr18;chr18;chr18;chr18;chr18;chr18;chr18;chr18;chr18;chr18;chr18;chr18;chr18;chr18;chr18;chr18;chr18;chr18;chr18;chr18;chr18	66113809;66113828;66115635;66116892;66116896;66117224;66117224;66117224;66117331;66120826;66120826;66120826;66120826;66122097;66124220;66124403;66124403;66124403;66124403;66124403;66124565;66124565;66124565;66124565;66124565;66126146;66126146;66126146;66126146;66126146;66126199;66126209;66126650;66126650;66126650;66126650;66126650;66126650;66126650;66126650;66127856;66127856;66127856;66127856;66127856;66127856;66127856;66129753;66129753;66129753;66129753;66129753;66129753;66130671;66130671;66130671;66130671;66130671;66130671;66131446;66131446;66131446;66131446;66131446;66131446;66131637;66131637;66131637;66131637;66131637;66133633;66135445;66135445;66135445;66152736;66155370	66115781;66116958;66115781;66116958;66116958;66117345;66117345;66117345;66117345;66120976;66120976;66120976;66120976;66122248;66126278;66124473;66124473;66124473;66124473;66124473;66124758;66124758;66124758;66124758;66124758;66126278;66126278;66126278;66126278;66126278;66126278;66126278;66126708;66126708;66126731;66126708;66126708;66126708;66126708;66126708;66127979;66127979;66127959;66127979;66127979;66127979;66127979;66129852;66129852;66129852;66129852;66129852;66129852;66130732;66130732;66130732;66130732;66130732;66130732;66131553;66131553;66131636;66131553;66131553;66131553;66131791;66131791;66131791;66131791;66131791;66135689;66135692;66135710;66135710;66152849;66155651	-;-;-;-;-;-;-;-;-;-;-;-;-;-;-;-;-;-;-;-;-;-;-;-;-;-;-;-;-;-;-;-;-;-;-;-;-;-;-;-;-;-;-;-;-;-;-;-;-;-;-;-;-;-;-;-;-;-;-;-;-;-;-;-;-;-;-;-;-;-;-;-;-;-;-;-	8822	5927	827	2164	1898	4654	3559	Lman1	protein_coding	434.81945	159.0129	175.38911	194.69089	435.19071	275.20272	1.4506974	-0.15054465	0.66096038	0.81150504	True	0.1	True	True	True	True	True	True	top 5%	True	CLIP top20%; abs(RNA_log2FC)<=0.5; TE_log2FC>=0.75	other
135	ENSMUSG00000054263.13	chr15;chr15;chr15;chr15;chr15;chr15;chr15;chr15;chr15;chr15;chr15;chr15;chr15;chr15;chr15;chr15;chr15;chr15;chr15;chr15;chr15;chr15;chr15;chr15;chr15;chr15;chr15;chr15;chr15;chr15;chr15;chr15;chr15;chr15;chr15;chr15;chr15;chr15;chr15;chr15;chr15;chr15;chr15;chr15;chr15;chr15;chr15;chr15;chr15;chr15;chr15;chr15;chr15;chr15;chr15;chr15;chr15;chr15;chr15;chr15;chr15;chr15;chr15;chr15;chr15;chr15;chr15;chr15;chr15;chr15;chr15;chr15;chr15;chr15;chr15;chr15;chr15;chr15;chr15;chr15;chr15;chr15;chr15;chr15;chr15;chr15;chr15;chr15;chr15;chr15;chr15;chr15;chr15;chr15;chr15;chr15;chr15;chr15;chr15;chr15;chr15;chr15;chr15;chr15;chr15;chr15;chr15;chr15;chr15;chr15;chr15;chr15;chr15;chr15;chr15;chr15;chr15;chr15;chr15	7120095;7159040;7159048;7159053;7160382;7162096;7170023;7170023;7170030;7183834;7183868;7183868;7183868;7183868;7183868;7183868;7186637;7186637;7186637;7186637;7186637;7186637;7186637;7188872;7188872;7188872;7188872;7188872;7188872;7188872;7194010;7194010;7194010;7194010;7194010;7194010;7194010;7196364;7196364;7196364;7196364;7196364;7196364;7198493;7198493;7198493;7198493;7198493;7198493;7202337;7202337;7202337;7202337;7202337;7202337;7202872;7202872;7202872;7202872;7202872;7202872;7205041;7205041;7205041;7205041;7205041;7205041;7206913;7206913;7206913;7206913;7206913;7206913;7207385;7207385;7207385;7207385;7207385;7207385;7208280;7208280;7208280;7208280;7208280;7208280;7211334;7211334;7211334;7211334;7211334;7211334;7214198;7214198;7214198;7214198;7214198;7214198;7214548;7214548;7214548;7215047;7215047;7215047;7216347;7216347;7216347;7216347;7217556;7217556;7217556;7217556;7219596;7219596;7219596;7219596;7220027;7220027;7220027;7220027	7120229;7159307;7159307;7159307;7160519;7162134;7170064;7170064;7170064;7184028;7184028;7184028;7184028;7184028;7184028;7184028;7186748;7186748;7186748;7186748;7186748;7186748;7186748;7189002;7189002;7189002;7189002;7189002;7189002;7189002;7194173;7194173;7194173;7194173;7194173;7194173;7194047;7196538;7196538;7196538;7196538;7196538;7196538;7198747;7198747;7198747;7198747;7198747;7198747;7202466;7202466;7202466;7202466;7202466;7202466;7203041;7203041;7203041;7203041;7203041;7203041;7205186;7205186;7205186;7205186;7205186;7205186;7207075;7207075;7207075;7207075;7207075;7207075;7207455;7207455;7207455;7207455;7207455;7207455;7208493;7208493;7208493;7208493;7208493;7208493;7211513;7211513;7211513;7211513;7211513;7211513;7214299;7214299;7214299;7214299;7214299;7214299;7214827;7215214;7214824;7215214;7215214;7215214;7216508;7216508;7216508;7216508;7217649;7217649;7217649;7217649;7219674;7219674;7219674;7219674;7226970;7220699;7220699;7221224	+;+;+;+;+;+;+;+;+;+;+;+;+;+;+;+;+;+;+;+;+;+;+;+;+;+;+;+;+;+;+;+;+;+;+;+;+;+;+;+;+;+;+;+;+;+;+;+;+;+;+;+;+;+;+;+;+;+;+;+;+;+;+;+;+;+;+;+;+;+;+;+;+;+;+;+;+;+;+;+;+;+;+;+;+;+;+;+;+;+;+;+;+;+;+;+;+;+;+;+;+;+;+;+;+;+;+;+;+;+;+;+;+;+;+;+;+;+;+	10776	8091	639	1417	1241	3308	2526	Lifr	protein_coding	593.57587	122.86486	114.84583	127.29789	309.32765	195.32511	2.2714293	-0.14838724	0.66298626	0.81137351	True	0.1	True	True	True	True	True	True	top 5%	True	CLIP top20%; abs(RNA_log2FC)<=0.5; TE_log2FC>=0.75	other
136	ENSMUSG00000078572.4	chr11;chr11;chr11;chr11;chr11;chr11;chr11;chr11	119989754;119989770;119989925;119989974;119989974;119991000;119991000;119991000	119989891;119989891;119990084;119990084;119990088;119991240;119991531;119991189	+;+;+;+;+;+;+;+	834	410	111	284	280	255	219	Ndufaf8	protein_coding	30.078619	21.342723	23.017795	28.721522	23.844786	16.934362	0.49303869	-0.31814272	0.49126358	0.8094063	True	0.1	True	True	True	True	True	True	5-20%	True	CLIP top20%; abs(RNA_log2FC)<=0.5; TE_log2FC>=0.75	other
137	ENSMUSG00000020570.16	chr12;chr12;chr12;chr12;chr12;chr12;chr12;chr12;chr12;chr12;chr12;chr12;chr12;chr12;chr12;chr12;chr12;chr12;chr12;chr12;chr12;chr12;chr12;chr12;chr12;chr12;chr12;chr12	33003890;33004183;33004246;33004287;33004558;33015325;33015372;33015372;33015372;33015372;33015396;33015405;33016449;33017535;33017535;33017535;33017535;33017535;33017535;33017635;33019180;33024127;33024127;33024127;33024127;33025589;33025589;33025589	33004017;33004358;33004358;33004358;33004981;33015499;33015499;33015499;33015499;33015499;33015499;33015499;33016620;33017742;33020341;33017742;33017678;33017742;33017742;33017742;33019445;33024318;33024151;33024318;33024318;33025713;33029859;33026903	+;+;+;+;+;+;+;+;+;+;+;+;+;+;+;+;+;+;+;+;+;+;+;+;+;+;+;+	8345	1409	212	414	394	666	556	Sypl	protein_coding	103.36774	40.762677	33.55411	40.415284	62.276969	42.993176	1.3403254	-0.26768358	0.53355404	0.80123763	True	0.1	True	True	True	True	True	True	5-20%	True	CLIP top20%; abs(RNA_log2FC)<=0.5; TE_log2FC>=0.75	other
138	ENSMUSG00000040234.17	chr6;chr6;chr6;chr6;chr6;chr6;chr6;chr6;chr6;chr6;chr6;chr6;chr6;chr6;chr6;chr6;chr6;chr6;chr6;chr6;chr6;chr6;chr6;chr6;chr6	146503850;146507626;146509077;146511314;146512372;146512389;146514876;146514876;146520032;146520032;146521338;146521338;146521440;146523373;146523445;146525062;146525062;146527594;146527594;146527594;146527594;146535884;146535884;146544126;146544126	146505519;146507788;146509174;146511466;146512452;146512452;146514962;146514962;146520209;146520209;146521509;146521509;146521509;146523493;146523493;146525212;146525212;146527748;146527748;146527748;146527748;146535996;146536095;146544322;146544312	-;-;-;-;-;-;-;-;-;-;-;-;-;-;-;-;-;-;-;-;-;-;-;-;-	3438	2611	448	1308	949	1329	848	Tm7sf3	protein_coding	191.54945	86.139997	106.01153	97.345444	124.27341	65.572325	1.1520408	0.12291485	0.92132066	0.79840581	True	0.1	True	True	True	True	True	True	5-20%	True	CLIP top20%; abs(RNA_log2FC)<=0.5; TE_log2FC>=0.75	other
139	ENSMUSG00000031447.8	chr8;chr8;chr8;chr8;chr8;chr8;chr8;chr8;chr8;chr8;chr8	13209161;13215849;13217158;13217807;13221205;13222541;13223181;13223627;13223780;13223780;13224419	13209434;13215967;13217377;13217965;13221383;13222660;13223693;13223693;13223950;13223884;13225338	+;+;+;+;+;+;+;+;+;+;+	2675	5715	1264	3142	2391	11225	7524	Lamp1	protein_coding	419.2666	243.03785	254.65462	245.26128	1049.6381	581.79974	0.78643747	0.054200697	0.85118695	0.79698626	True	0.1	True	True	True	True	True	True	5-20%	True	CLIP top20%; abs(RNA_log2FC)<=0.5; TE_log2FC>=0.75	vesicle_secretory_symbol
140	ENSMUSG00000031558.16	chr5;chr5;chr5;chr5;chr5;chr5;chr5;chr5;chr5;chr5;chr5;chr5;chr5;chr5;chr5;chr5;chr5;chr5;chr5;chr5;chr5;chr5;chr5;chr5;chr5;chr5;chr5;chr5;chr5;chr5;chr5;chr5;chr5;chr5;chr5;chr5;chr5;chr5;chr5;chr5;chr5;chr5;chr5;chr5;chr5;chr5;chr5;chr5;chr5;chr5;chr5;chr5;chr5;chr5;chr5;chr5;chr5;chr5;chr5;chr5;chr5;chr5;chr5;chr5;chr5;chr5;chr5;chr5;chr5;chr5;chr5;chr5;chr5;chr5;chr5;chr5;chr5;chr5;chr5;chr5;chr5;chr5;chr5;chr5;chr5;chr5;chr5;chr5;chr5;chr5;chr5;chr5;chr5;chr5;chr5;chr5;chr5;chr5;chr5;chr5;chr5;chr5;chr5;chr5;chr5;chr5;chr5;chr5;chr5;chr5;chr5;chr5;chr5;chr5;chr5;chr5;chr5;chr5;chr5;chr5;chr5;chr5;chr5;chr5;chr5;chr5;chr5;chr5;chr5;chr5;chr5;chr5;chr5;chr5;chr5;chr5;chr5;chr5;chr5;chr5;chr5;chr5;chr5;chr5;chr5;chr5;chr5;chr5;chr5;chr5;chr5;chr5;chr5;chr5;chr5;chr5;chr5;chr5;chr5;chr5;chr5;chr5;chr5;chr5;chr5;chr5;chr5;chr5;chr5;chr5;chr5;chr5;chr5;chr5;chr5;chr5;chr5;chr5;chr5;chr5;chr5;chr5;chr5;chr5;chr5;chr5;chr5;chr5;chr5;chr5;chr5;chr5;chr5;chr5;chr5;chr5;chr5;chr5;chr5;chr5;chr5;chr5;chr5;chr5;chr5;chr5;chr5;chr5;chr5;chr5;chr5;chr5;chr5;chr5;chr5;chr5;chr5;chr5;chr5;chr5;chr5;chr5;chr5;chr5;chr5;chr5;chr5;chr5;chr5;chr5;chr5;chr5;chr5;chr5;chr5;chr5;chr5;chr5;chr5;chr5;chr5;chr5;chr5;chr5;chr5;chr5;chr5;chr5;chr5;chr5;chr5;chr5;chr5;chr5;chr5;chr5;chr5;chr5;chr5;chr5;chr5;chr5;chr5;chr5;chr5;chr5;chr5;chr5;chr5;chr5;chr5;chr5;chr5;chr5;chr5;chr5;chr5;chr5;chr5;chr5;chr5;chr5;chr5;chr5;chr5;chr5;chr5;chr5;chr5	48140480;48140496;48140496;48140496;48140496;48140496;48140496;48140500;48140519;48142336;48145181;48145181;48145181;48145181;48145181;48145181;48145181;48145181;48145181;48145184;48146462;48146462;48146462;48146462;48146462;48146462;48146462;48146462;48146462;48146462;48157651;48157651;48157651;48157651;48157651;48157651;48157651;48157651;48157651;48240941;48326533;48327497;48327497;48327497;48327497;48327497;48327497;48327497;48327497;48327497;48330429;48331576;48333463;48339444;48339588;48339588;48339588;48339588;48339588;48339588;48339588;48339588;48343838;48343838;48343838;48343838;48343838;48343838;48343838;48343838;48346771;48346771;48346771;48346771;48346771;48346771;48346771;48346771;48346809;48348345;48348345;48348345;48348345;48349535;48349535;48349535;48349535;48349535;48349535;48349535;48349535;48368098;48368098;48368098;48368098;48368098;48368098;48368098;48368625;48368625;48368625;48368625;48368625;48368625;48368625;48374794;48374794;48374794;48374794;48374794;48374794;48374794;48377004;48377004;48377004;48377004;48377004;48377004;48377004;48377259;48377259;48377259;48377259;48377259;48377259;48378309;48378309;48378309;48380813;48381995;48381995;48381995;48381995;48381995;48381995;48381995;48386513;48387602;48387602;48387602;48387602;48387602;48387602;48388832;48389254;48389254;48389254;48389254;48389254;48389254;48392680;48392680;48392680;48392680;48392680;48392680;48392680;48394598;48394598;48394598;48394598;48394598;48394598;48394598;48395718;48395718;48395718;48395718;48395718;48395718;48395718;48395843;48399891;48399891;48399891;48399891;48399891;48399891;48399891;48401970;48401970;48401970;48401970;48401970;48401970;48401970;48402544;48402919;48402919;48402919;48402919;48402919;48402919;48402919;48404492;48404492;48404492;48404492;48404492;48404492;48404492;48405985;48407120;48407120;48407120;48407120;48407120;48407163;48407163;48407605;48413915;48414099;48414099;48414099;48414099;48414099;48414099;48414099;48414099;48414348;48414348;48414348;48414348;48414348;48414348;48414348;48414348;48414348;48416886;48416886;48416886;48416886;48416886;48416886;48416886;48416886;48416886;48419725;48420983;48432583;48432924;48432924;48432924;48432924;48432924;48432924;48439059;48439059;48439059;48439059;48439059;48439059;48439059;48439120;48439287;48439287;48439287;48439287;48439287;48439287;48439287;48440730;48440730;48440730;48440730;48440730;48440730;48453751;48453751;48453751;48453751;48453751;48453751;48459608;48459608;48459608;48459608;48459608;48459608;48460095;48460095;48460095;48460095;48460095;48461342;48461342;48461342;48461342;48461342	48142560;48142560;48142560;48142560;48142560;48142560;48142560;48142560;48143010;48142560;48145252;48145252;48145252;48145252;48145252;48145252;48145252;48145252;48145252;48145252;48146533;48146533;48146533;48146533;48146533;48146533;48146533;48146533;48147674;48146533;48157722;48157722;48157722;48157722;48157722;48157722;48157722;48157722;48157722;48241873;48326589;48327568;48327568;48327568;48327568;48327568;48327568;48327568;48327568;48327568;48330535;48336373;48333499;48339659;48339659;48339659;48339659;48339659;48339659;48339659;48340499;48339659;48343909;48343909;48343909;48343909;48343909;48343909;48343909;48343909;48346934;48346934;48346934;48346934;48346934;48346934;48346934;48346934;48346934;48348347;48348356;48348356;48348356;48349673;48349673;48349551;48349673;48349673;48349673;48349673;48349673;48368169;48368169;48368169;48368169;48368169;48368169;48368169;48368696;48368696;48368696;48368696;48368696;48368696;48368696;48374865;48374865;48374865;48374865;48374865;48374865;48374865;48377050;48377147;48377147;48377147;48377147;48377147;48377147;48377422;48377422;48377422;48377422;48377422;48377422;48378332;48378332;48378332;48380880;48382145;48382145;48382145;48382145;48382145;48382145;48382145;48387463;48387676;48387676;48387676;48387676;48387676;48387676;48389397;48389397;48389397;48389397;48389397;48389397;48389397;48392823;48392823;48392823;48392823;48392823;48392823;48392823;48394764;48394764;48394764;48394764;48394764;48394764;48394764;48395850;48395794;48395850;48395850;48395850;48395850;48395850;48395850;48399959;48399959;48399959;48399959;48399959;48399959;48399959;48402041;48402041;48402041;48402041;48402041;48402041;48402041;48405420;48402990;48402990;48402990;48402990;48402990;48402990;48402990;48404563;48404563;48404563;48404563;48404563;48404563;48404563;48407283;48407283;48407283;48407283;48407283;48407283;48407283;48407283;48407637;48414223;48414223;48414223;48414223;48414223;48414223;48414223;48414223;48414223;48414445;48414445;48414445;48414445;48414445;48414445;48414445;48414445;48414445;48416893;48416939;48417025;48417025;48417025;48417025;48417025;48417025;48417025;48420007;48421009;48433017;48433017;48433017;48433017;48433017;48433017;48433017;48439141;48439196;48439196;48439196;48439196;48439196;48439196;48439196;48439527;48440290;48439527;48439527;48439527;48439527;48439527;48440887;48440860;48440860;48440860;48440860;48440860;48453905;48453905;48453905;48453905;48453905;48453905;48459854;48459896;48459896;48459896;48459896;48459896;48460306;48460306;48460306;48460306;48460306;48462853;48462853;48462853;48461738;48465075	+;+;+;+;+;+;+;+;+;+;+;+;+;+;+;+;+;+;+;+;+;+;+;+;+;+;+;+;+;+;+;+;+;+;+;+;+;+;+;+;+;+;+;+;+;+;+;+;+;+;+;+;+;+;+;+;+;+;+;+;+;+;+;+;+;+;+;+;+;+;+;+;+;+;+;+;+;+;+;+;+;+;+;+;+;+;+;+;+;+;+;+;+;+;+;+;+;+;+;+;+;+;+;+;+;+;+;+;+;+;+;+;+;+;+;+;+;+;+;+;+;+;+;+;+;+;+;+;+;+;+;+;+;+;+;+;+;+;+;+;+;+;+;+;+;+;+;+;+;+;+;+;+;+;+;+;+;+;+;+;+;+;+;+;+;+;+;+;+;+;+;+;+;+;+;+;+;+;+;+;+;+;+;+;+;+;+;+;+;+;+;+;+;+;+;+;+;+;+;+;+;+;+;+;+;+;+;+;+;+;+;+;+;+;+;+;+;+;+;+;+;+;+;+;+;+;+;+;+;+;+;+;+;+;+;+;+;+;+;+;+;+;+;+;+;+;+;+;+;+;+;+;+;+;+;+;+;+;+;+;+;+;+;+;+;+;+;+;+;+;+;+;+;+;+;+;+;+;+;+;+;+;+;+;+;+;+;+;+	25433	504	73	380	227	327	172	Slit2	protein_coding	36.974693	14.036205	30.798458	23.284948	30.577431	13.300047	1.3910399	0.40195462	1.1949396	0.79298498	True	0.1	True	True	True	True	True	True	5-20%	True	CLIP top20%; abs(RNA_log2FC)<=0.5; TE_log2FC>=0.75	other
141	ENSMUSG00000031990.16	chr9;chr9;chr9;chr9;chr9;chr9;chr9;chr9;chr9;chr9;chr9;chr9;chr9;chr9;chr9;chr9;chr9;chr9;chr9;chr9;chr9;chr9;chr9;chr9;chr9;chr9;chr9;chr9;chr9	27008680;27010008;27010141;27011379;27011383;27011427;27011964;27012534;27012534;27012534;27013160;27013160;27013160;27013160;27016517;27016803;27016803;27016803;27016803;27017645;27017645;27017645;27017645;27017645;27037616;27059889;27066587;27066587;27066587	27009697;27010062;27010270;27011478;27011478;27011478;27012736;27012736;27012736;27012736;27013312;27013312;27013312;27013312;27016916;27016916;27016916;27016916;27016916;27017710;27017710;27017710;27017710;27017710;27037846;27060031;27066717;27066714;27066689	-;-;-;-;-;-;-;-;-;-;-;-;-;-;-;-;-;-;-;-;-;-;-;-;-;-;-;-;-	3200	427	41	110	64	168	86	Jam3	protein_coding	31.325781	7.883348	8.9153431	6.5649193	15.709506	6.6500236	1.9768828	0.435795	1.2278278	0.79203283	True	0.1	True	True	True	True	True	True	top 5%	True	CLIP top20%; abs(RNA_log2FC)<=0.5; TE_log2FC>=0.75	cell_surface_adhesion_symbol
142	ENSMUSG00000025544.14	chr14;chr14;chr14;chr14;chr14;chr14;chr14;chr14;chr14;chr14;chr14;chr14;chr14;chr14;chr14;chr14;chr14;chr14;chr14;chr14;chr14;chr14;chr14;chr14;chr14;chr14;chr14;chr14;chr14;chr14;chr14;chr14;chr14;chr14	122344450;122344550;122344680;122361128;122361128;122363518;122363518;122363518;122370692;122370692;122374784;122374784;122377062;122378611;122379776;122379776;122380819;122380819;122382509;122382509;122384077;122384077;122385400;122385400;122387262;122387262;122388146;122388146;122389376;122389376;122392740;122392740;122396061;122396061	122344847;122344847;122344847;122361195;122361195;122363611;122363611;122363611;122370819;122370819;122374890;122374913;122377186;122378722;122379855;122379855;122380927;122380927;122382641;122382641;122384196;122384196;122385457;122385457;122387421;122387421;122388297;122388297;122389487;122389487;122392911;122392911;122396128;122397016	+;+;+;+;+;+;+;+;+;+;+;+;+;+;+;+;+;+;+;+;+;+;+;+;+;+;+;+;+;+;+;+;+;+	3107	3783	514	1302	1079	5078	3722	Tm9sf2	protein_coding	277.53028	98.830265	105.52524	110.68044	474.83851	287.80683	1.4886811	-0.068748462	0.72213872	0.79088718	True	0.1	True	True	True	True	True	True	top 5%	True	CLIP top20%; abs(RNA_log2FC)<=0.5; TE_log2FC>=0.75	other
143	ENSMUSG00000020048.14	chr10;chr10;chr10;chr10;chr10;chr10;chr10;chr10;chr10;chr10;chr10;chr10;chr10;chr10;chr10;chr10;chr10;chr10;chr10;chr10;chr10;chr10;chr10;chr10;chr10;chr10;chr10;chr10;chr10;chr10;chr10;chr10;chr10;chr10;chr10;chr10;chr10;chr10;chr10;chr10;chr10;chr10;chr10;chr10	86526073;86526704;86527493;86527493;86528004;86528250;86528250;86528265;86529241;86529241;86529241;86529778;86529778;86529778;86529885;86530214;86530214;86530214;86530214;86531341;86531341;86531341;86531341;86531524;86531524;86531524;86531690;86531690;86531690;86532583;86532583;86534183;86534183;86534183;86534448;86534448;86537561;86537561;86537810;86538773;86538773;86539324;86540158;86541171	86526992;86526992;86527612;86528159;86528159;86528328;86528328;86528328;86529377;86529377;86529377;86530023;86530023;86530023;86530023;86530483;86530483;86530483;86530483;86531406;86531585;86531406;86531406;86531601;86531601;86531601;86531827;86531827;86531827;86532699;86532699;86534302;86534302;86534302;86534559;86534559;86537892;86537832;86537892;86538957;86538889;86539465;86540260;86541373	-;-;-;-;-;-;-;-;-;-;-;-;-;-;-;-;-;-;-;-;-;-;-;-;-;-;-;-;-;-;-;-;-;-;-;-;-;-;-;-;-;-;-;-	4032	31752	2198	6966	7004	35452	31550	Hsp90b1	protein_coding	2329.4056	422.62436	564.58437	718.44836	3315.0798	2439.6307	2.4622346	-0.34764056	0.44236517	0.79000573	True	0.1	True	True	True	True	True	True	top 5%	True	CLIP top20%; abs(RNA_log2FC)<=0.5; TE_log2FC>=0.75	other
144	ENSMUSG00000007613.16	chr4;chr4;chr4;chr4;chr4;chr4;chr4;chr4;chr4;chr4;chr4;chr4;chr4;chr4;chr4;chr4;chr4;chr4;chr4;chr4;chr4;chr4;chr4;chr4;chr4;chr4;chr4;chr4;chr4;chr4;chr4;chr4;chr4;chr4;chr4;chr4;chr4;chr4	47353222;47353307;47353598;47353610;47361206;47382913;47383749;47383749;47383749;47386216;47393247;47393247;47393259;47393259;47396355;47396355;47396355;47396355;47402803;47402803;47402803;47402803;47403370;47403370;47403370;47403370;47405529;47405529;47405529;47405529;47406922;47406922;47406922;47406922;47410652;47410652;47410652;47410652	47353396;47353396;47353861;47353861;47361313;47383044;47383994;47383994;47383994;47386489;47393489;47393489;47393489;47393489;47396585;47396585;47396585;47396585;47402970;47402970;47402970;47402970;47403526;47403526;47403526;47403526;47405653;47405653;47405653;47405653;47407052;47407052;47407052;47407052;47411035;47410807;47412133;47414931	+;+;+;+;+;+;+;+;+;+;+;+;+;+;+;+;+;+;+;+;+;+;+;+;+;+;+;+;+;+;+;+;+;+;+;+;+;+	6534	3776	260	680	697	319	289	Tgfbr1	protein_coding	277.01674	49.991963	55.11303	71.496074	29.829359	22.347172	2.4678428	-0.3748717	0.41502768	0.78989938	True	0.1	True	True	True	True	True	True	top 5%	True	CLIP top20%; abs(RNA_log2FC)<=0.5; TE_log2FC>=0.75	other
145	ENSMUSG00000051285.18	chr1;chr1;chr1;chr1;chr1;chr1;chr1;chr1;chr1;chr1;chr1;chr1;chr1;chr1;chr1;chr1;chr1;chr1;chr1;chr1;chr1;chr1;chr1;chr1;chr1;chr1;chr1;chr1;chr1;chr1;chr1;chr1	7159144;7159154;7159328;7159390;7190418;7217861;7217861;7217861;7217861;7225091;7225304;7225304;7230309;7230781;7231116;7231116;7231116;7231116;7231116;7233472;7233472;7233472;7233472;7233472;7233472;7236533;7239739;7239739;7239739;7239739;7239739;7239739	7159440;7159440;7159440;7159440;7190839;7217963;7217963;7217963;7217963;7225495;7225495;7225495;7231287;7231287;7231287;7231287;7231126;7231287;7231287;7233595;7233595;7233595;7233595;7233595;7233595;7236742;7242883;7242842;7242346;7240300;7239822;7243852	+;+;+;+;+;+;+;+;+;+;+;+;+;+;+;+;+;+;+;+;+;+;+;+;+;+;+;+;+;+;+;+	6654	3508	529	2360	1775	208	138	Pcmtd1	protein_coding	257.3556	101.71442	191.27463	182.07393	19.449864	10.670968	1.3383818	0.071083076	0.86001068	0.7889276	True	0.1	True	True	True	True	True	True	5-20%	True	CLIP top20%; abs(RNA_log2FC)<=0.5; TE_log2FC>=0.75	other
146	ENSMUSG00000021477.10	chr13;chr13;chr13;chr13;chr13;chr13;chr13;chr13;chr13;chr13;chr13;chr13;chr13;chr13;chr13;chr13;chr13;chr13;chr13;chr13;chr13;chr13;chr13;chr13;chr13;chr13;chr13;chr13;chr13;chr13;chr13;chr13;chr13;chr13;chr13;chr13;chr13;chr13;chr13	64507151;64511028;64512906;64513019;64513019;64514293;64514293;64514293;64514293;64514682;64514682;64514682;64514682;64514688;64514813;64515674;64515674;64515674;64515674;64515674;64515926;64515930;64515930;64515930;64515930;64516686;64516842;64516842;64516842;64516842;64516842;64518050;64518050;64518050;64518050;64518050;64518050;64518520;64518599	64512014;64512014;64513136;64513136;64513136;64514455;64514455;64514455;64514455;64514738;64514869;64514906;64514906;64514906;64514906;64515763;64515820;64515820;64515820;64515820;64516052;64516052;64516052;64516052;64516052;64516978;64516978;64516978;64516978;64516978;64516978;64518120;64518334;64518120;64518120;64518120;64518334;64518567;64518704	-;-;-;-;-;-;-;-;-;-;-;-;-;-;-;-;-;-;-;-;-;-;-;-;-;-;-;-;-;-;-;-;-;-;-;-;-;-;-	6489	4807	1222	2523	2670	7661	7181	Ctsl	protein_coding	352.65347	234.96223	204.48555	273.88023	716.37217	555.27697	0.58561754	-0.42136751	0.36744331	0.78881083	True	0.1	True	True	True	True	True	True	5-20%	True	CLIP top20%; abs(RNA_log2FC)<=0.5; TE_log2FC>=0.75	other
147	ENSMUSG00000024597.12	chr18;chr18;chr18;chr18;chr18;chr18;chr18;chr18;chr18;chr18;chr18;chr18;chr18;chr18;chr18;chr18;chr18;chr18;chr18;chr18;chr18;chr18;chr18;chr18;chr18;chr18;chr18;chr18	58011750;58029354;58030416;58031131;58032332;58033094;58034428;58037196;58037410;58039025;58043313;58044962;58045909;58047178;58048481;58052528;58054818;58059479;58060277;58063227;58065552;58068023;58069380;58070732;58073207;58074081;58074825;58076988	58012616;58029473;58030491;58031226;58032471;58033204;58034536;58037323;58037494;58039176;58043420;58045085;58046010;58047333;58048580;58052639;58054958;58059585;58064756;58063306;58065677;58068070;58069502;58070843;58073293;58074216;58074892;58079893	+;+;+;+;+;+;+;+;+;+;+;+;+;+;+;+;+;+;+;+;+;+;+;+;+;+;+;+	10920	5657	471	907	849	1763	1462	Slc12a2	protein_coding	415.01158	90.562363	73.511057	87.087758	164.8563	113.0504	2.1949235	-0.2442031	0.5438422	0.7880453	True	0.1	True	True	True	True	True	True	top 5%	True	CLIP top20%; abs(RNA_log2FC)<=0.5; TE_log2FC>=0.75	transporter_or_channel_symbol
148	ENSMUSG00000000532.12	chr15;chr15;chr15;chr15;chr15;chr15;chr15;chr15;chr15	101071948;101091813;101092690;101096665;101099859;101100819;101102334;101106961;101108618	101072116;101092052;101092938;101096895;101100026;101100975;101102458;101107091;101111565	+;+;+;+;+;+;+;+;+	4418	1992	333	878	625	636	401	Acvr1b	protein_coding	146.13807	64.028168	71.160648	64.11054	59.471701	31.007668	1.1892888	0.15029547	0.9373569	0.78706143	True	0.1	True	True	True	True	True	True	5-20%	True	CLIP top20%; abs(RNA_log2FC)<=0.5; TE_log2FC>=0.75	other
149	ENSMUSG00000021614.17	chr13;chr13;chr13;chr13;chr13;chr13;chr13;chr13;chr13;chr13;chr13;chr13;chr13;chr13;chr13;chr13;chr13;chr13;chr13;chr13;chr13;chr13;chr13;chr13;chr13;chr13;chr13;chr13;chr13;chr13;chr13;chr13;chr13;chr13;chr13;chr13;chr13;chr13;chr13;chr13;chr13;chr13;chr13;chr13;chr13;chr13;chr13;chr13;chr13;chr13;chr13;chr13;chr13;chr13;chr13;chr13;chr13;chr13;chr13;chr13;chr13;chr13;chr13;chr13;chr13;chr13;chr13;chr13;chr13;chr13;chr13;chr13;chr13;chr13;chr13	89803431;89804459;89804764;89805136;89805175;89805622;89805622;89805622;89805622;89805774;89810036;89810036;89810036;89810036;89810036;89810036;89826194;89826194;89826194;89826194;89826194;89826194;89826993;89827919;89827919;89827919;89827919;89832519;89832519;89832519;89832519;89833198;89833198;89833198;89833198;89836404;89836404;89851037;89851037;89858802;89859345;89860324;89860324;89860324;89860324;89869686;89869686;89869686;89869686;89869686;89869686;89869891;89869891;89869891;89869891;89869891;89869891;89873408;89873408;89873408;89873408;89873408;89873553;89879578;89879578;89879578;89879578;89879578;89879578;89888208;89890192;89890192;89890192;89890192;89890192	89805477;89805477;89805477;89805804;89805477;89805804;89805804;89805804;89805804;89805804;89810180;89810180;89810180;89810180;89810180;89810180;89826276;89826276;89826240;89826276;89826276;89826276;89827027;89828077;89828077;89828077;89828077;89832632;89832632;89832632;89832632;89833311;89833311;89833311;89833311;89841620;89841620;89853916;89853916;89860617;89860617;89860617;89860617;89860617;89860617;89869813;89869813;89869813;89869813;89869813;89869813;89870090;89870065;89870065;89870065;89870065;89870065;89873782;89873782;89873782;89873782;89873782;89873782;89879653;89879653;89879653;89879653;89879653;89879653;89888516;89890437;89890363;89890453;89890441;89890628	-;-;-;-;-;-;-;-;-;-;-;-;-;-;-;-;-;-;-;-;-;-;-;-;-;-;-;-;-;-;-;-;-;-;-;-;-;-;-;-;-;-;-;-;-;-;-;-;-;-;-;-;-;-;-;-;-;-;-;-;-;-;-;-;-;-;-;-;-;-;-;-;-;-;-	14462	4032	365	1475	1421	7209	6164	Vcan	protein_coding	295.79754	70.181025	119.54665	145.76172	674.10612	476.63657	2.0738906	-0.28582139	0.49999741	0.78581879	True	0.1	True	True	True	True	True	True	top 5%	True	CLIP top20%; abs(RNA_log2FC)<=0.5; TE_log2FC>=0.75	other
150	ENSMUSG00000019590.17	chr11;chr11;chr11;chr11;chr11;chr11;chr11;chr11;chr11;chr11;chr11;chr11;chr11;chr11;chr11;chr11;chr11;chr11;chr11;chr11;chr11;chr11;chr11;chr11;chr11;chr11;chr11;chr11;chr11;chr11;chr11	105824528;105825777;105825910;105826315;105826578;105826578;105826578;105826625;105827008;105827008;105827008;105827036;105827381;105827381;105827381;105827381;105827381;105827381;105828455;105828455;105828455;105828455;105828455;105828455;105830926;105830926;105834937;105834937;105834937;105834937;105843873	105826393;105826393;105826393;105826393;105826779;105827003;105826735;105826735;105827111;105827111;105827111;105827111;105827479;105827479;105827479;105827479;105827479;105827479;105828666;105828666;105828666;105828624;105828666;105828666;105831204;105830990;105835313;105835255;105834965;105835238;105844162	-;-;-;-;-;-;-;-;-;-;-;-;-;-;-;-;-;-;-;-;-;-;-;-;-;-;-;-;-;-;-	3653	495	118	398	364	216	175	Cyb561	protein_coding	36.31443	22.68866	32.257332	37.337979	20.197936	13.532025	0.67619417	-0.21040986	0.57433318	0.78474304	True	0.1	True	True	True	True	True	True	5-20%	True	CLIP top20%; abs(RNA_log2FC)<=0.5; TE_log2FC>=0.75	other
151	ENSMUSG00000003153.11	chr6;chr6;chr6;chr6;chr6;chr6;chr6;chr6;chr6;chr6;chr6;chr6;chr6;chr6;chr6;chr6;chr6;chr6;chr6;chr6;chr6;chr6;chr6;chr6;chr6;chr6;chr6;chr6;chr6;chr6;chr6;chr6;chr6;chr6;chr6;chr6;chr6;chr6;chr6;chr6;chr6;chr6;chr6;chr6;chr6;chr6;chr6	122704768;122704785;122706890;122708352;122708352;122708352;122708518;122709330;122709330;122709330;122709330;122709729;122709729;122709729;122709729;122712382;122712382;122712382;122713538;122713538;122713538;122714017;122714017;122714017;122714044;122714237;122716792;122716792;122716792;122716792;122716851;122717347;122717347;122717347;122717347;122717347;122717347;122717347;122719058;122719335;122719335;122719335;122719335;122719767;122756877;122774761;122778545	122707099;122707099;122707099;122708555;122708555;122708555;122708555;122709431;122709431;122709431;122709431;122710135;122709833;122709833;122709833;122712569;122712569;122712569;122713700;122713700;122713700;122716952;122714257;122714257;122714257;122714257;122716952;122716952;122716952;122716952;122716952;122717439;122717439;122717439;122717439;122717439;122717439;122717439;122719221;122719444;122719349;122719481;122719704;122719879;122756916;122774838;122778599	-;-;-;-;-;-;-;-;-;-;-;-;-;-;-;-;-;-;-;-;-;-;-;-;-;-;-;-;-;-;-;-;-;-;-;-;-;-;-;-;-;-;-;-;-;-;-	7245	30081	6995	23931	13612	42990	21801	Slc2a3	protein_coding	2206.8169	1344.9761	1939.5734	1396.2763	4019.9503	1685.781	0.71434454	0.47412602	1.2537109	0.77958486	True	0.1	True	True	True	True	True	True	5-20%	True	CLIP top20%; abs(RNA_log2FC)<=0.5; TE_log2FC>=0.75	transporter_or_channel_symbol
152	ENSMUSG00000032494.13	chr9;chr9;chr9;chr9;chr9;chr9;chr9;chr9;chr9;chr9;chr9;chr9;chr9;chr9;chr9;chr9;chr9;chr9;chr9;chr9	110768671;110769311;110771397;110771397;110771425;110771598;110771598;110771598;110771710;110771836;110772220;110772220;110772220;110773259;110773259;110773259;110773259;110774892;110774892;110774892	110769887;110769887;110771506;110771506;110771506;110771712;110771712;110771712;110771712;110771897;110772321;110772321;110772321;110773939;110773311;110773311;110773311;110775143;110775226;110775162	-;-;-;-;-;-;-;-;-;-;-;-;-;-;-;-;-;-;-;-	2622	11786	2739	8772	6206	9368	5910	Tdgf1	protein_coding	864.65025	526.6461	710.95809	636.59202	875.99197	456.99581	0.7151758	0.15937175	0.93858574	0.77921399	True	0.1	True	True	True	True	True	True	5-20%	True	CLIP top20%; abs(RNA_log2FC)<=0.5; TE_log2FC>=0.75	other
153	ENSMUSG00000034501.8	chr12;chr12;chr12;chr12;chr12;chr12;chr12;chr12;chr12;chr12;chr12	72583157;72588149;72602211;72602618;72603357;72603575;72613671;72616492;72620264;72622128;72626078	72583313;72588891;72602390;72603132;72603457;72603694;72614034;72616595;72621276;72622314;72626893	+;+;+;+;+;+;+;+;+;+;+	4300	395	95	240	188	184	128	Pcnx4	protein_coding	28.978182	18.266294	19.451658	19.28445	17.205649	9.8977095	0.6628765	0.012391101	0.79157355	0.77918245	True	0.1	True	True	True	True	True	True	5-20%	True	CLIP top20%; abs(RNA_log2FC)<=0.5; TE_log2FC>=0.75	other
154	ENSMUSG00000025809.16	chr8;chr8;chr8;chr8;chr8;chr8;chr8;chr8;chr8;chr8;chr8;chr8;chr8;chr8;chr8;chr8;chr8;chr8;chr8;chr8;chr8;chr8;chr8;chr8;chr8;chr8;chr8;chr8;chr8;chr8;chr8;chr8;chr8;chr8;chr8;chr8;chr8;chr8;chr8	129412135;129412238;129412351;129431894;129431894;129431894;129433555;129433555;129433555;129436734;129436734;129439689;129439689;129440408;129440408;129442603;129442603;129443688;129443688;129444066;129444066;129446473;129446473;129446756;129446756;129448865;129448865;129449291;129449291;129450677;129450677;129450814;129452501;129452501;129452501;129453464;129458504;129458504;129458504	129412440;129412440;129412440;129431960;129431960;129431960;129433640;129433640;129433640;129437141;129436956;129439859;129439859;129440646;129440646;129442758;129442758;129443783;129443783;129444155;129444155;129446613;129446613;129446955;129446955;129449103;129449103;129449513;129449513;129450909;129450909;129450909;129452667;129452667;129452667;129453544;129459098;129458870;129459681	+;+;+;+;+;+;+;+;+;+;+;+;+;+;+;+;+;+;+;+;+;+;+;+;+;+;+;+;+;+;+;+;+;+;+;+;+;+;+	4081	3806	337	926	845	2857	2328	Itgb1	protein_coding	279.21762	64.797275	75.05098	86.67745	267.15511	180.01459	2.1056768	-0.20752829	0.56930246	0.77683075	True	0.1	True	True	True	True	True	True	top 5%	True	CLIP top20%; abs(RNA_log2FC)<=0.5; TE_log2FC>=0.75	cell_surface_adhesion_symbol
155	ENSMUSG00000029234.14	chr5;chr5;chr5;chr5;chr5;chr5;chr5;chr5;chr5;chr5;chr5;chr5;chr5;chr5;chr5;chr5;chr5	76331727;76331797;76344776;76346964;76347192;76347292;76351954;76351954;76351954;76351967;76352484;76352484;76352484;76352484;76353816;76355649;76356357	76332199;76332199;76344834;76347417;76347417;76347417;76352129;76352129;76352129;76352129;76352663;76353002;76352502;76352663;76353880;76355754;76357092	+;+;+;+;+;+;+;+;+;+;+;+;+;+;+;+;+	2588	1810	259	720	699	1163	1008	Tmem165	protein_coding	132.7861	49.799686	58.354973	71.701228	108.75092	77.944462	1.4130875	-0.29668275	0.47998548	0.77666823	True	0.1	True	True	True	True	True	True	top 5%	True	CLIP top20%; abs(RNA_log2FC)<=0.5; TE_log2FC>=0.75	transmembrane_symbol
156	ENSMUSG00000002103.17	chr2;chr2;chr2;chr2;chr2;chr2;chr2;chr2;chr2;chr2;chr2;chr2;chr2;chr2;chr2;chr2;chr2;chr2;chr2;chr2;chr2;chr2;chr2;chr2;chr2;chr2;chr2;chr2;chr2;chr2;chr2;chr2;chr2;chr2;chr2;chr2;chr2;chr2;chr2;chr2;chr2;chr2;chr2;chr2;chr2;chr2;chr2;chr2;chr2;chr2;chr2;chr2;chr2;chr2;chr2;chr2;chr2;chr2;chr2;chr2	91033230;91033254;91033254;91033257;91033269;91033269;91033273;91033611;91033946;91033946;91033946;91033946;91033946;91033946;91033946;91034573;91034585;91034585;91034585;91034585;91034585;91036101;91036101;91036101;91036101;91036101;91036101;91036355;91036355;91036355;91036355;91036355;91036533;91036533;91036533;91036533;91036533;91037062;91037062;91037062;91037062;91038162;91038162;91038162;91038162;91038162;91038385;91038385;91038385;91038385;91038385;91038606;91038606;91038606;91038606;91038606;91040952;91040952;91040952;91040952	91033393;91033393;91033393;91033393;91033393;91033393;91033393;91033665;91034002;91034041;91034041;91034041;91034041;91034041;91034041;91034671;91034671;91034671;91034671;91034671;91034671;91036253;91036253;91036253;91036253;91036253;91036253;91036453;91036391;91036453;91036453;91036453;91037194;91036622;91036622;91036622;91036622;91037194;91037194;91037194;91037194;91038244;91038244;91038244;91038244;91038244;91038491;91038491;91038491;91038491;91038491;91038781;91038781;91038781;91038781;91038658;91042487;91044442;91044443;91044443	+;+;+;+;+;+;+;+;+;+;+;+;+;+;+;+;+;+;+;+;+;+;+;+;+;+;+;+;+;+;+;+;+;+;+;+;+;+;+;+;+;+;+;+;+;+;+;+;+;+;+;+;+;+;+;+;+;+;+;+	5186	313	74	159	124	361	251	Acp2	protein_coding	22.962458	14.228482	12.886723	12.719531	33.756736	19.40879	0.68666053	0.018693965	0.7953186	0.77662464	True	0.1	True	True	True	True	True	True	5-20%	True	CLIP top20%; abs(RNA_log2FC)<=0.5; TE_log2FC>=0.75	other
157	ENSMUSG00000048058.18	chr2;chr2;chr2;chr2;chr2;chr2;chr2;chr2;chr2;chr2;chr2;chr2;chr2;chr2	101780548;101780548;101785174;101785174;101888252;101888252;101900278;101900278;101941914;101943878;101943974;101968239;102016625;102016625	101783520;101783520;101785519;101785519;101888386;101888386;101900403;101900403;101944024;101944024;101944024;101968464;102016730;102016703	-;-;-;-;-;-;-;-;-;-;-;-;-;-	6023	694	198	411	371	442	356	Ldlrad3	protein_coding	50.913565	38.070802	33.310964	38.056017	41.330962	27.528005	0.4184114	-0.19158896	0.58457794	0.7761669	True	0.1	True	True	True	True	True	True	5-20%	True	CLIP top20%; abs(RNA_log2FC)<=0.5; TE_log2FC>=0.75	other
158	ENSMUSG00000026836.16	chr2;chr2;chr2;chr2;chr2;chr2;chr2;chr2;chr2;chr2;chr2;chr2;chr2;chr2;chr2;chr2;chr2;chr2;chr2;chr2;chr2;chr2;chr2;chr2;chr2;chr2;chr2;chr2;chr2;chr2;chr2;chr2;chr2;chr2;chr2;chr2;chr2;chr2;chr2;chr2;chr2;chr2;chr2;chr2;chr2;chr2;chr2;chr2;chr2;chr2;chr2;chr2;chr2;chr2;chr2;chr2;chr2;chr2;chr2;chr2;chr2;chr2	58278656;58329590;58333218;58336446;58336453;58336453;58337161;58338326;58338326;58338326;58338326;58348897;58348897;58348897;58348897;58348897;58352893;58352893;58352893;58352893;58352893;58358526;58358526;58358526;58358526;58358526;58364185;58364185;58364185;58364185;58364185;58367617;58367617;58367617;58367617;58367617;58367770;58369677;58369677;58369677;58369677;58369677;58369677;58390496;58390496;58390496;58390496;58390496;58390496;58397289;58406036;58406036;58406036;58406036;58427790;58427790;58427790;58427790;58428332;58456799;58456799;58456799	58279190;58329722;58333628;58337685;58337685;58337685;58337685;58338456;58338456;58338456;58338456;58349094;58349094;58349094;58349094;58349094;58353168;58353168;58353168;58353168;58353168;58358672;58358672;58358672;58358672;58358672;58364284;58364284;58364284;58364284;58364284;58367828;58367828;58367828;58367828;58367828;58367828;58369940;58369940;58369940;58369940;58369940;58369940;58390569;58390569;58390569;58390569;58390569;58390569;58397533;58406312;58406312;58406284;58406284;58427885;58427885;58427885;58427885;58428450;58457169;58456840;58456838	-;-;-;-;-;-;-;-;-;-;-;-;-;-;-;-;-;-;-;-;-;-;-;-;-;-;-;-;-;-;-;-;-;-;-;-;-;-;-;-;-;-;-;-;-;-;-;-;-;-;-;-;-;-;-;-;-;-;-;-;-;-	4829	219	36	135	93	134	82	Acvr1	protein_coding	16.066384	6.9219641	10.941557	9.5396484	12.530201	6.3407201	1.2030505	0.19589126	0.97158369	0.77569243	True	0.1	True	True	True	True	True	True	5-20%	True	CLIP top20%; abs(RNA_log2FC)<=0.5; TE_log2FC>=0.75	other
159	ENSMUSG00000056050.16	chr1;chr1;chr1;chr1;chr1;chr1;chr1;chr1;chr1;chr1;chr1;chr1;chr1;chr1;chr1;chr1;chr1;chr1;chr1;chr1;chr1;chr1;chr1;chr1;chr1;chr1;chr1;chr1;chr1;chr1;chr1;chr1;chr1;chr1;chr1;chr1;chr1;chr1	183107682;183109059;183110601;183110778;183111652;183111947;183112159;183112331;183112488;183113680;183114964;183115258;183115437;183116295;183116485;183117374;183117394;183117901;183117901;183119506;183119506;183119710;183119710;183120020;183120020;183120813;183120813;183125175;183125675;183125675;183126629;183132407;183132407;183135178;183137605;183143389;183146988;183150738	183108508;183109200;183110674;183110846;183111789;183112047;183112226;183112366;183112548;183113781;183115102;183115348;183115492;183116406;183116607;183117478;183117478;183117972;183117972;183119616;183119616;183119787;183119787;183120108;183120108;183120834;183120834;183125806;183125806;183125806;183126957;183132551;183132549;183135483;183140359;183143475;183147121;183150894	-;-;-;-;-;-;-;-;-;-;-;-;-;-;-;-;-;-;-;-;-;-;-;-;-;-;-;-;-;-;-;-;-;-;-;-;-;-	7161	8885	644	2565	2099	5269	3866	Mia3	protein_coding	651.82568	123.82625	207.88959	215.30884	492.69873	298.94176	2.3952257	-0.050566104	0.72065158	0.77121768	True	0.1	True	True	True	True	True	True	top 5%	True	CLIP top20%; abs(RNA_log2FC)<=0.5; TE_log2FC>=0.75	other
160	ENSMUSG00000056124.6	chr18;chr18;chr18;chr18;chr18;chr18;chr18;chr18;chr18	20817656;20821992;20822278;20825449;20833796;20839462;20853086;20861019;20878410	20821525;20822093;20822400;20825636;20833912;20839586;20853199;20861135;20879461	-;-;-;-;-;-;-;-;-	5808	2821	413	1210	808	546	327	B4galt6	protein_coding	206.95557	79.41031	98.068775	82.882106	51.055894	25.285555	1.3808042	0.24246393	1.0108927	0.76842875	True	0.1	True	True	True	True	True	True	5-20%	True	CLIP top20%; abs(RNA_log2FC)<=0.5; TE_log2FC>=0.75	other
161	ENSMUSG00000075700.11	chr3;chr3;chr3;chr3;chr3;chr3;chr3;chr3;chr3;chr3	58484057;58484119;58492652;58492652;58493373;58493373;58495867;58495867;58497588;58498116	58484294;58484294;58492762;58492762;58493499;58493499;58496233;58495954;58497741;58500554	+;+;+;+;+;+;+;+;+;+	3436	3207	375	1393	1136	599	439	Selenot	protein_coding	235.27349	72.103793	112.90066	116.52732	56.011869	33.946051	1.7048053	-0.045574506	0.72081852	0.76639302	True	0.1	True	True	True	True	True	True	top 5%	True	CLIP top20%; abs(RNA_log2FC)<=0.5; TE_log2FC>=0.75	other
162	ENSMUSG00000049624.15	chr9;chr9;chr9;chr9;chr9;chr9;chr9;chr9;chr9;chr9;chr9;chr9;chr9;chr9;chr9;chr9;chr9;chr9;chr9;chr9;chr9;chr9;chr9;chr9;chr9;chr9;chr9;chr9	78443770;78443788;78448181;78448181;78460216;78460216;78464739;78464739;78466293;78466293;78467970;78467970;78476852;78478304;78478304;78478304;78481932;78481932;78481932;78484312;78484312;78484312;78485793;78485793;78485793;78495156;78495156;78495156	78445581;78445581;78448271;78448271;78460363;78460363;78464871;78464871;78466451;78466451;78468088;78468088;78477226;78478390;78478390;78478390;78482035;78482019;78482019;78484545;78484467;78484545;78485989;78485989;78485989;78495309;78495297;78495323	-;-;-;-;-;-;-;-;-;-;-;-;-;-;-;-;-;-;-;-;-;-;-;-;-;-;-;-	3627	338	46	120	95	127	90	Slc17a5	protein_coding	24.79652	8.8447319	9.7258289	9.7448021	11.875638	6.959327	1.476834	-0.0027830901	0.7625	0.76528309	True	0.1	True	True	True	True	True	True	top 5%	True	CLIP top20%; abs(RNA_log2FC)<=0.5; TE_log2FC>=0.75	transporter_or_channel_symbol
163	ENSMUSG00000004460.18	chr16;chr16;chr16;chr16;chr16;chr16;chr16;chr16;chr16;chr16;chr16;chr16;chr16;chr16;chr16;chr16;chr16;chr16;chr16;chr16;chr16;chr16;chr16;chr16;chr16;chr16;chr16;chr16;chr16;chr16;chr16;chr16;chr16;chr16;chr16;chr16;chr16	22676595;22676595;22676616;22681292;22681292;22681292;22684204;22684204;22684204;22685670;22685670;22685670;22687461;22687461;22687461;22687871;22687871;22687871;22688166;22688166;22688166;22688177;22689321;22689321;22689321;22689321;22689690;22689690;22689690;22689690;22690421;22690421;22690421;22690421;22690890;22690890;22697153	22676859;22676859;22676859;22681448;22681448;22681448;22684301;22684301;22684301;22685802;22685802;22685802;22687603;22687603;22687603;22687953;22687953;22687953;22688223;22688223;22688223;22688223;22689432;22689432;22689432;22689432;22689849;22689849;22689849;22689849;22690513;22690513;22690513;22691138;22691056;22691215;22698384	+;+;+;+;+;+;+;+;+;+;+;+;+;+;+;+;+;+;+;+;+;+;+;+;+;+;+;+;+;+;+;+;+;+;+;+;+	3236	5609	332	1115	1172	1526	1444	Dnajb11	protein_coding	411.49018	63.835891	90.36916	120.22008	142.69468	111.65854	2.6865106	-0.41137951	0.35355719	0.7649367	True	0.1	True	True	True	True	True	True	top 5%	True	CLIP top20%; abs(RNA_log2FC)<=0.5; TE_log2FC>=0.75	other
164	ENSMUSG00000029086.16	chr5;chr5;chr5;chr5;chr5;chr5;chr5;chr5;chr5;chr5;chr5;chr5;chr5;chr5;chr5;chr5;chr5;chr5;chr5;chr5;chr5;chr5;chr5;chr5;chr5;chr5;chr5;chr5;chr5;chr5;chr5;chr5;chr5;chr5;chr5;chr5;chr5;chr5;chr5;chr5;chr5;chr5;chr5;chr5;chr5;chr5;chr5;chr5;chr5;chr5;chr5;chr5;chr5;chr5;chr5;chr5;chr5;chr5;chr5;chr5;chr5;chr5;chr5;chr5;chr5;chr5;chr5;chr5;chr5;chr5;chr5;chr5;chr5;chr5;chr5;chr5;chr5;chr5;chr5;chr5;chr5;chr5;chr5;chr5;chr5;chr5;chr5;chr5;chr5;chr5;chr5;chr5;chr5;chr5;chr5;chr5;chr5;chr5;chr5;chr5;chr5;chr5;chr5;chr5;chr5;chr5;chr5;chr5;chr5;chr5;chr5;chr5;chr5;chr5;chr5;chr5;chr5;chr5;chr5;chr5;chr5;chr5;chr5;chr5;chr5;chr5;chr5;chr5;chr5;chr5;chr5;chr5;chr5;chr5;chr5;chr5;chr5;chr5;chr5;chr5;chr5;chr5;chr5;chr5;chr5;chr5;chr5;chr5;chr5;chr5;chr5;chr5;chr5;chr5;chr5;chr5;chr5;chr5;chr5;chr5;chr5;chr5;chr5;chr5;chr5;chr5;chr5;chr5;chr5;chr5;chr5;chr5;chr5;chr5;chr5;chr5;chr5;chr5;chr5;chr5;chr5;chr5;chr5;chr5;chr5;chr5;chr5;chr5;chr5;chr5;chr5;chr5;chr5;chr5;chr5;chr5;chr5;chr5;chr5;chr5;chr5;chr5;chr5;chr5;chr5;chr5;chr5;chr5;chr5;chr5;chr5;chr5;chr5;chr5;chr5;chr5;chr5;chr5;chr5;chr5;chr5;chr5;chr5;chr5;chr5;chr5;chr5;chr5;chr5;chr5;chr5;chr5;chr5;chr5;chr5;chr5;chr5;chr5;chr5;chr5;chr5;chr5;chr5;chr5;chr5;chr5;chr5;chr5;chr5;chr5;chr5;chr5;chr5;chr5;chr5;chr5;chr5;chr5;chr5;chr5;chr5;chr5;chr5;chr5;chr5;chr5;chr5;chr5;chr5;chr5;chr5;chr5;chr5;chr5;chr5;chr5;chr5;chr5;chr5;chr5;chr5;chr5;chr5;chr5;chr5;chr5;chr5;chr5;chr5;chr5;chr5;chr5;chr5;chr5;chr5;chr5;chr5	44150962;44150964;44150964;44150964;44150964;44150967;44150967;44152417;44152417;44152417;44152417;44152417;44152417;44152417;44158119;44158119;44158612;44158612;44158612;44158622;44158785;44158785;44158785;44159128;44159128;44159128;44159128;44159128;44159128;44159128;44159128;44159128;44159128;44159128;44162228;44162228;44162228;44162228;44162228;44162228;44162228;44162228;44162228;44162228;44162228;44163507;44163507;44163507;44163507;44163507;44163507;44163507;44163507;44163507;44163507;44164365;44164365;44164365;44164365;44164365;44164365;44164365;44164365;44164365;44164365;44168537;44168537;44168537;44168537;44168537;44168537;44168537;44168537;44168537;44168537;44169841;44169841;44169841;44170218;44170218;44170218;44170218;44170218;44170218;44170218;44170218;44170218;44170218;44170218;44171438;44171438;44171438;44171438;44171438;44171438;44171438;44171438;44171438;44171438;44171438;44172100;44172100;44172100;44172100;44172100;44172100;44172100;44172100;44172100;44172100;44172100;44173908;44173908;44173908;44173908;44173908;44173908;44173908;44173908;44173908;44173908;44173908;44175635;44175635;44175635;44175635;44175635;44175635;44175635;44175635;44175635;44175635;44175635;44178150;44178150;44178150;44178150;44178150;44178150;44178150;44178150;44178150;44178150;44178150;44184025;44184025;44184025;44184025;44184025;44184025;44184025;44184025;44184025;44184025;44184137;44186952;44186952;44186952;44186952;44186952;44186952;44186952;44186952;44186952;44186952;44186952;44186952;44187022;44190286;44190286;44190286;44190286;44190286;44190286;44190286;44190286;44190286;44190286;44190286;44190286;44190286;44191012;44191666;44191689;44191689;44191689;44191689;44191689;44191689;44191689;44191689;44191689;44194766;44194766;44194766;44194766;44194766;44194766;44194766;44194766;44194766;44194766;44194766;44194766;44194766;44201366;44201659;44201659;44201659;44201659;44201659;44201659;44201659;44201659;44201659;44201659;44201659;44201659;44202862;44202862;44202862;44202862;44202862;44202862;44202862;44202862;44202862;44202862;44202862;44202862;44204840;44204840;44204840;44204840;44204840;44204840;44204840;44204840;44204840;44204840;44204840;44204935;44213220;44213220;44213220;44213220;44213220;44213220;44213220;44213220;44213220;44213220;44213220;44213220;44213411;44215968;44215968;44215968;44220468;44220468;44220468;44220468;44220468;44220468;44220468;44220468;44220468;44220468;44220468;44220468;44220468;44223017;44223918;44224963;44251737;44251737;44251737;44251737;44251737;44251737;44251737;44251737;44251737;44251737;44251737;44251737;44256016;44256016;44256382;44256997;44257336;44257681;44258990;44258990;44258990;44259276;44259276	44151838;44151838;44151838;44151838;44151838;44151838;44151838;44152456;44152456;44152456;44152456;44152456;44152456;44152456;44158187;44158187;44158635;44158635;44158635;44158890;44158890;44158890;44158890;44159243;44159243;44159243;44159243;44159243;44159243;44159243;44159243;44159243;44159243;44159243;44162320;44162320;44162320;44162320;44162320;44162320;44162320;44162320;44162320;44162261;44162320;44163575;44163575;44163575;44163575;44163575;44163575;44163575;44163575;44163575;44163575;44164445;44164445;44164445;44164445;44164445;44164445;44164445;44164445;44164445;44164445;44168590;44168590;44168590;44168590;44168590;44168590;44168590;44168590;44168590;44168590;44169858;44169858;44169858;44170310;44170310;44170310;44170310;44170310;44170310;44170310;44170310;44170310;44170310;44170310;44171509;44171509;44171509;44171509;44171509;44171509;44171509;44171509;44171509;44171509;44171509;44172246;44172246;44172246;44172246;44172246;44172246;44172246;44172246;44172246;44172246;44172246;44173992;44173992;44173992;44173992;44173992;44173992;44173992;44173992;44173992;44173992;44173992;44175738;44175738;44175738;44175738;44175738;44175738;44175738;44175738;44175738;44175738;44175738;44178273;44178273;44178273;44178273;44178273;44178273;44178273;44178273;44178273;44178273;44178273;44184177;44184177;44184177;44184177;44184177;44184177;44184177;44184177;44184177;44184177;44184177;44187111;44187111;44187111;44187111;44187111;44187111;44187111;44187111;44187111;44187111;44187111;44187111;44187111;44190349;44190349;44190362;44190349;44190349;44190349;44190349;44190349;44190349;44190349;44190349;44190349;44190349;44191763;44191763;44191763;44191763;44191763;44191763;44191763;44191763;44191763;44191763;44191763;44195007;44194983;44194983;44194983;44194983;44194983;44194983;44194983;44194983;44194983;44194983;44194983;44194983;44201748;44201989;44201748;44201748;44201748;44201748;44201748;44201748;44201748;44201748;44201748;44201748;44201748;44202925;44202915;44202925;44202925;44202925;44202925;44202925;44202925;44202925;44202925;44202925;44202925;44204960;44204960;44204960;44204960;44204960;44204960;44204960;44204960;44204960;44204960;44204960;44204960;44213425;44213425;44213425;44213425;44213410;44213425;44213425;44213425;44213425;44213425;44213425;44213425;44213425;44215994;44215994;44215994;44220526;44220526;44220526;44220526;44220526;44220526;44220526;44220526;44220526;44220526;44220526;44220526;44220526;44223076;44224225;44225027;44252110;44252110;44252110;44252055;44252055;44252110;44252110;44252110;44252110;44252110;44252110;44252110;44256534;44256567;44256528;44257239;44257575;44257822;44259300;44259023;44259296;44259300;44259374	-;-;-;-;-;-;-;-;-;-;-;-;-;-;-;-;-;-;-;-;-;-;-;-;-;-;-;-;-;-;-;-;-;-;-;-;-;-;-;-;-;-;-;-;-;-;-;-;-;-;-;-;-;-;-;-;-;-;-;-;-;-;-;-;-;-;-;-;-;-;-;-;-;-;-;-;-;-;-;-;-;-;-;-;-;-;-;-;-;-;-;-;-;-;-;-;-;-;-;-;-;-;-;-;-;-;-;-;-;-;-;-;-;-;-;-;-;-;-;-;-;-;-;-;-;-;-;-;-;-;-;-;-;-;-;-;-;-;-;-;-;-;-;-;-;-;-;-;-;-;-;-;-;-;-;-;-;-;-;-;-;-;-;-;-;-;-;-;-;-;-;-;-;-;-;-;-;-;-;-;-;-;-;-;-;-;-;-;-;-;-;-;-;-;-;-;-;-;-;-;-;-;-;-;-;-;-;-;-;-;-;-;-;-;-;-;-;-;-;-;-;-;-;-;-;-;-;-;-;-;-;-;-;-;-;-;-;-;-;-;-;-;-;-;-;-;-;-;-;-;-;-;-;-;-;-;-;-;-;-;-;-;-;-;-;-;-;-;-;-;-;-;-;-;-;-;-;-;-;-;-;-;-;-;-;-;-;-;-;-;-;-;-;-;-;-;-	7175	787	76	179	168	475	401	Prom1	protein_coding	57.736276	14.613035	14.507695	17.232913	44.416757	31.007668	1.9748798	-0.24678563	0.51707827	0.76386389	True	0.1	True	True	True	True	True	True	top 5%	True	CLIP top20%; abs(RNA_log2FC)<=0.5; TE_log2FC>=0.75	other
165	ENSMUSG00000032374.15	chr9;chr9;chr9;chr9;chr9;chr9;chr9;chr9;chr9;chr9;chr9;chr9;chr9;chr9;chr9;chr9;chr9;chr9;chr9;chr9;chr9;chr9;chr9;chr9;chr9;chr9;chr9;chr9;chr9;chr9;chr9;chr9;chr9;chr9;chr9;chr9;chr9;chr9;chr9;chr9;chr9;chr9;chr9;chr9;chr9;chr9;chr9;chr9;chr9;chr9	92424276;92424317;92453308;92453308;92455524;92455524;92455641;92463255;92463255;92463255;92466544;92466544;92466544;92468892;92468892;92468892;92470654;92470654;92470654;92473353;92473353;92473353;92475798;92475798;92477315;92477315;92477398;92478389;92478389;92478389;92480641;92480641;92480641;92482794;92482794;92482794;92483395;92484038;92485001;92485001;92486832;92486832;92487426;92487426;92488561;92488561;92488817;92488817;92489128;92489128	92424621;92424621;92453399;92453399;92455660;92455660;92455660;92463418;92463418;92463418;92466656;92466656;92466656;92468955;92468955;92468955;92470751;92470751;92470751;92473737;92473454;92473454;92475923;92475923;92477436;92477436;92477436;92478493;92478493;92478493;92480766;92480766;92480766;92483119;92482935;92482935;92484670;92484100;92485114;92485114;92486897;92486897;92487530;92487530;92488707;92488707;92488942;92488942;92490473;92490481	+;+;+;+;+;+;+;+;+;+;+;+;+;+;+;+;+;+;+;+;+;+;+;+;+;+;+;+;+;+;+;+;+;+;+;+;+;+;+;+;+;+;+;+;+;+;+;+;+;+	5392	1271	132	635	456	1519	985	Plod2	protein_coding	93.243719	25.380535	51.465845	46.77505	142.04011	76.165968	1.8731574	0.13759556	0.89820244	0.76060689	True	0.1	True	True	True	True	True	True	top 5%	True	CLIP top20%; abs(RNA_log2FC)<=0.5; TE_log2FC>=0.75	other
166	ENSMUSG00000044393.16	chr18;chr18;chr18;chr18;chr18;chr18;chr18;chr18;chr18;chr18;chr18;chr18;chr18;chr18;chr18;chr18;chr18;chr18;chr18;chr18;chr18;chr18;chr18;chr18;chr18;chr18;chr18;chr18;chr18;chr18	20691131;20691212;20691303;20706546;20706546;20706546;20707997;20707997;20707997;20712097;20712097;20712097;20712391;20712391;20712391;20713569;20713569;20713569;20715765;20715765;20715765;20715994;20715994;20723005;20724891;20725329;20727121;20729017;20731396;20734370	20691401;20691401;20691401;20706581;20706581;20706581;20708131;20708131;20708131;20712258;20712258;20712258;20712535;20712535;20712535;20713735;20713735;20713735;20715902;20715973;20715902;20718610;20716179;20723270;20725033;20725556;20727348;20729138;20731725;20737578	+;+;+;+;+;+;+;+;+;+;+;+;+;+;+;+;+;+;+;+;+;+;+;+;+;+;+;+;+;+	8268	2150	378	1695	1011	3428	1847	Dsg2	protein_coding	157.72934	72.680623	137.37733	103.70521	320.54873	142.82085	1.1167391	0.40531492	1.1657772	0.7604623	True	0.1	True	True	True	True	True	True	5-20%	True	CLIP top20%; abs(RNA_log2FC)<=0.5; TE_log2FC>=0.75	other
167	ENSMUSG00000039704.9	chr15;chr15;chr15;chr15;chr15;chr15;chr15;chr15;chr15;chr15;chr15;chr15;chr15;chr15;chr15;chr15;chr15;chr15;chr15;chr15;chr15;chr15;chr15;chr15;chr15;chr15;chr15;chr15;chr15;chr15;chr15;chr15;chr15;chr15;chr15;chr15;chr15;chr15;chr15;chr15;chr15;chr15;chr15;chr15	9140637;9140752;9149063;9149063;9149542;9149542;9151571;9151571;9155620;9156293;9156293;9156293;9157300;9157300;9157300;9165875;9165875;9165875;9171184;9171184;9172144;9172144;9175211;9175346;9175550;9175873;9175873;9177739;9177739;9177739;9178349;9178349;9178349;9182572;9182572;9182572;9183997;9183997;9186683;9186683;9194762;9194762;9196743;9196743	9140827;9140827;9149292;9149292;9149639;9149639;9151666;9151666;9155786;9156460;9156460;9156460;9157510;9157510;9157510;9165949;9165949;9165949;9171297;9171297;9172327;9172327;9175392;9175392;9176006;9176006;9176006;9177844;9177844;9177844;9178446;9178446;9178446;9182673;9182675;9182675;9184043;9184043;9186788;9186788;9194888;9194888;9197931;9202569	+;+;+;+;+;+;+;+;+;+;+;+;+;+;+;+;+;+;+;+;+;+;+;+;+;+;+;+;+;+;+;+;+;+;+;+;+;+;+;+;+;+;+;+	8588	2850	347	714	698	292	258	Lmbrd2	protein_coding	209.08308	66.720043	57.868682	71.598651	27.304617	19.950071	1.6464134	-0.3066723	0.45081166	0.75748396	True	0.1	True	True	True	True	True	True	top 5%	True	CLIP top20%; abs(RNA_log2FC)<=0.5; TE_log2FC>=0.75	other
168	ENSMUSG00000010663.6	chr19;chr19;chr19;chr19;chr19;chr19;chr19;chr19;chr19;chr19;chr19;chr19;chr19;chr19;chr19;chr19;chr19;chr19;chr19;chr19;chr19;chr19;chr19;chr19;chr19;chr19;chr19;chr19;chr19;chr19;chr19;chr19;chr19;chr19;chr19;chr19;chr19;chr19;chr19;chr19;chr19;chr19;chr19;chr19;chr19;chr19;chr19;chr19;chr19;chr19;chr19;chr19	10160252;10160303;10160349;10160403;10160918;10162291;10162291;10162291;10162291;10162942;10163049;10163049;10163049;10163049;10163742;10163742;10163742;10163742;10163742;10164119;10164119;10164119;10164119;10164119;10168804;10168804;10168804;10168804;10170276;10170276;10170276;10170337;10170683;10171065;10171065;10171065;10171065;10171065;10171360;10171360;10171360;10171360;10171682;10171682;10171682;10171682;10171853;10171853;10171853;10172235;10172235;10172551	10160628;10160628;10160628;10160628;10161073;10162401;10162401;10162401;10162401;10163246;10163246;10163246;10163246;10163246;10163843;10163843;10163843;10163843;10163843;10164247;10164737;10164247;10164247;10164247;10168864;10168849;10168864;10168864;10170352;10170352;10170352;10170352;10170793;10171162;10171824;10171162;10171162;10171162;10171456;10171456;10171456;10171456;10171761;10171761;10171761;10171761;10171938;10171978;10171978;10174241;10174238;10172681	+;+;+;+;+;+;+;+;+;+;+;+;+;+;+;+;+;+;+;+;+;+;+;+;+;+;+;+;+;+;+;+;+;+;+;+;+;+;+;+;+;+;+;+;+;+;+;+;+;+;+;+	4812	2549	441	897	946	773	738	Fads1	protein_coding	187.00097	84.79406	72.700571	97.037714	72.282428	57.066481	1.1400816	-0.41608176	0.34047002	0.75655178	True	0.1	True	True	True	True	True	True	5-20%	True	CLIP top20%; abs(RNA_log2FC)<=0.5; TE_log2FC>=0.75	other
169	ENSMUSG00000021928.10	chr14;chr14;chr14;chr14;chr14;chr14;chr14;chr14	61569191;61577214;61579537;61581300;61584821;61597669;61597669;61597669	61578853;61579675;61579675;61584890;61584890;61597857;61597888;61597769	-;-;-;-;-;-;-;-	14296	634	109	205	196	517	447	Ebpl	protein_coding	46.511816	20.958169	16.614958	20.105065	48.344134	34.564657	1.1463157	-0.27357732	0.48285648	0.7564338	True	0.1	True	True	True	True	True	True	5-20%	True	CLIP top20%; abs(RNA_log2FC)<=0.5; TE_log2FC>=0.75	other
170	ENSMUSG00000032932.16	chr16;chr16;chr16;chr16;chr16;chr16;chr16;chr16;chr16;chr16;chr16;chr16;chr16;chr16;chr16;chr16;chr16;chr16;chr16;chr16;chr16;chr16;chr16;chr16	75542319;75544149;75547425;75548198;75551910;75553528;75555167;75555520;75555531;75556076;75556303;75556303;75556303;75557984;75557984;75557984;75561832;75561832;75561832;75561832;75563623;75563623;75563623;75563623	75542513;75544194;75547584;75548274;75555336;75555336;75555336;75555615;75555615;75558197;75556470;75556470;75556470;75558197;75558197;75558197;75562172;75562172;75562172;75562172;75563670;75563679;75563709;75563992	-;-;-;-;-;-;-;-;-;-;-;-;-;-;-;-;-;-;-;-;-;-;-;-	6834	1597	100	397	338	861	664	Hspa13	protein_coding	117.15989	19.227678	32.176284	34.67098	80.511217	51.344368	2.6009694	-0.10740925	0.64796746	0.75537671	True	0.1	True	True	True	True	True	True	top 5%	True	CLIP top20%; abs(RNA_log2FC)<=0.5; TE_log2FC>=0.75	other
171	ENSMUSG00000037075.8	chr15;chr15;chr15;chr15	58761078;58770158;58771986;58778145	58761343;58774239;58772967;58778906	+;+;+;+	5110	569	127	269	225	180	136	Rnf139	protein_coding	41.743254	24.419151	21.802066	23.079794	16.831613	10.516316	0.77108602	-0.081800781	0.67343619	0.75523697	True	0.1	True	True	True	True	True	True	5-20%	True	CLIP top20%; abs(RNA_log2FC)<=0.5; TE_log2FC>=0.75	other
172	ENSMUSG00000021831.10	chr14;chr14;chr14;chr14;chr14;chr14;chr14;chr14;chr14;chr14;chr14;chr14;chr14;chr14;chr14;chr14;chr14;chr14;chr14;chr14;chr14;chr14;chr14;chr14;chr14;chr14;chr14;chr14;chr14;chr14;chr14;chr14;chr14;chr14;chr14;chr14;chr14;chr14;chr14;chr14	45520544;45525190;45525194;45525433;45525433;45529819;45529819;45530388;45530388;45531761;45531761;45531769;45531968;45531968;45533429;45533429;45536111;45536503;45536503;45536503;45537299;45537299;45537299;45539150;45539150;45539150;45539306;45539306;45539366;45541006;45541006;45542706;45542706;45542706;45543967;45543969;45543969;45544349;45555834;45556160	45523545;45525323;45525323;45525519;45525519;45529888;45529888;45530634;45530634;45531853;45531853;45531897;45531994;45531994;45533440;45533440;45536540;45536540;45536522;45536540;45537419;45537419;45537419;45539196;45539223;45539223;45539379;45539379;45539379;45541044;45541044;45542789;45542758;45542789;45544088;45544088;45544088;45544708;45556029;45556228	-;-;-;-;-;-;-;-;-;-;-;-;-;-;-;-;-;-;-;-;-;-;-;-;-;-;-;-;-;-;-;-;-;-;-;-;-;-;-;-	5285	2502	446	1783	1353	1460	1005	Ero1a	protein_coding	183.55294	85.755444	144.50961	138.7865	136.52309	77.712485	1.0970005	0.058257059	0.81212773	0.75387067	True	0.1	True	True	True	True	True	True	5-20%	True	CLIP top20%; abs(RNA_log2FC)<=0.5; TE_log2FC>=0.75	other
173	ENSMUSG00000036197.17	chr15;chr15;chr15;chr15;chr15;chr15;chr15;chr15;chr15;chr15;chr15;chr15;chr15;chr15;chr15;chr15;chr15;chr15;chr15;chr15;chr15;chr15;chr15	93137623;93139735;93142336;93143484;93145740;93145740;93145740;93146240;93146240;93146240;93152182;93152182;93152182;93156946;93156946;93156946;93159628;93159628;93159628;93163752;93172757;93172757;93172757	93143010;93143010;93143010;93143573;93145912;93145912;93145912;93146363;93146363;93146363;93152433;93152433;93152433;93157071;93157071;93157071;93159799;93159799;93159799;93163844;93173032;93173060;93173042	-;-;-;-;-;-;-;-;-;-;-;-;-;-;-;-;-;-;-;-;-;-;-	6722	2271	267	666	630	167	143	Gxylt1	protein_coding	166.6062	51.3379	53.97835	64.623424	15.615997	11.057597	1.6964041	-0.2592368	0.49420739	0.75344419	True	0.1	True	True	True	True	True	True	top 5%	True	CLIP top20%; abs(RNA_log2FC)<=0.5; TE_log2FC>=0.75	other
174	ENSMUSG00000028414.18	chr4;chr4;chr4;chr4;chr4;chr4;chr4;chr4;chr4;chr4;chr4;chr4;chr4;chr4;chr4;chr4;chr4;chr4;chr4;chr4;chr4;chr4;chr4;chr4;chr4;chr4;chr4;chr4;chr4;chr4;chr4;chr4;chr4;chr4;chr4;chr4;chr4;chr4;chr4;chr4;chr4;chr4;chr4;chr4;chr4;chr4;chr4;chr4;chr4;chr4;chr4;chr4;chr4	53713998;53714163;53714163;53714188;53720005;53720007;53720007;53720007;53720007;53724605;53724605;53729980;53729980;53729980;53729980;53729980;53731132;53731132;53731132;53731132;53731132;53734850;53734850;53734850;53734850;53734850;53737527;53737527;53737527;53737527;53737527;53742496;53744619;53744619;53744619;53744619;53744619;53747009;53747009;53747009;53747009;53747009;53748369;53748369;53748369;53748369;53748369;53761174;53761174;53761174;53761174;53761174;53776307	53714195;53714195;53714195;53714546;53720209;53720209;53720209;53720209;53720209;53724742;53724742;53730039;53730039;53730039;53730039;53730039;53731335;53731335;53731335;53731335;53731335;53735127;53735127;53735127;53735127;53735127;53737659;53737659;53737659;53737659;53737659;53742766;53744748;53744748;53744748;53744748;53744748;53747142;53747142;53747142;53747142;53747142;53748496;53748496;53748496;53748496;53748496;53763271;53765785;53761271;53762787;53765785;53777890	+;+;+;+;+;+;+;+;+;+;+;+;+;+;+;+;+;+;+;+;+;+;+;+;+;+;+;+;+;+;+;+;+;+;+;+;+;+;+;+;+;+;+;+;+;+;+;+;+;+;+;+;+	8426	1243	209	480	464	128	112	Fktn	protein_coding	91.189569	40.185847	38.903316	47.595665	11.969147	8.6604958	1.1801769	-0.29026138	0.46223932	0.7525007	True	0.1	True	True	True	True	True	True	5-20%	True	CLIP top20%; abs(RNA_log2FC)<=0.5; TE_log2FC>=0.75	other
175	ENSMUSG00000049439.14	chr1;chr1;chr1;chr1;chr1;chr1;chr1;chr1;chr1;chr1;chr1;chr1;chr1;chr1;chr1;chr1;chr1;chr1;chr1;chr1;chr1;chr1;chr1;chr1;chr1;chr1;chr1;chr1;chr1;chr1;chr1;chr1;chr1	60382482;60382482;60382482;60391280;60391280;60391280;60392068;60392068;60393673;60393673;60393673;60402349;60402349;60402349;60405808;60405808;60405808;60410380;60410380;60410380;60411749;60411749;60411749;60415226;60415226;60418533;60418533;60421563;60421563;60426064;60426064;60426298;60426298	60382616;60382616;60382616;60391329;60391329;60391329;60392234;60392234;60393815;60393815;60393815;60402516;60402516;60402516;60405886;60405886;60405886;60410495;60410495;60410495;60411803;60411803;60411866;60415346;60415346;60418644;60418644;60421627;60421627;60426153;60426153;60427219;60427219	+;+;+;+;+;+;+;+;+;+;+;+;+;+;+;+;+;+;+;+;+;+;+;+;+;+;+;+;+;+;+;+;+	2286	1108	135	394	400	743	685	Cyp20a1	protein_coding	81.285634	25.957365	31.933138	41.030746	69.47716	52.968211	1.6430829	-0.36065209	0.39076587	0.75141796	True	0.1	True	True	True	True	True	True	top 5%	True	CLIP top20%; abs(RNA_log2FC)<=0.5; TE_log2FC>=0.75	other
176	ENSMUSG00000014353.16	chr2;chr2;chr2;chr2;chr2;chr2;chr2;chr2;chr2;chr2;chr2;chr2;chr2;chr2;chr2;chr2;chr2;chr2;chr2;chr2;chr2;chr2;chr2;chr2;chr2;chr2;chr2;chr2;chr2;chr2;chr2;chr2;chr2;chr2;chr2;chr2;chr2;chr2;chr2;chr2;chr2;chr2;chr2;chr2;chr2;chr2;chr2;chr2;chr2;chr2;chr2;chr2;chr2;chr2;chr2;chr2;chr2;chr2;chr2;chr2;chr2;chr2	128660038;128660223;128660304;128665003;128665003;128665003;128666336;128666336;128666336;128668177;128668177;128668177;128670326;128670326;128670326;128672430;128672430;128672430;128673118;128673118;128673118;128673370;128673370;128673370;128676035;128676035;128676035;128679222;128679222;128679222;128681068;128681068;128682652;128683073;128683155;128683155;128683166;128683345;128683345;128683345;128684516;128684516;128684516;128687381;128687381;128687381;128687381;128688649;128688649;128688649;128690925;128690925;128690925;128690925;128691880;128692224;128692224;128692224;128693204;128693204;128693204;128693204	128660423;128660423;128660423;128665063;128665063;128665063;128666430;128666430;128666430;128668308;128668308;128668308;128670376;128670376;128670376;128672520;128672520;128672520;128673179;128673179;128673179;128673553;128673553;128673553;128676134;128676134;128676134;128679315;128679315;128679315;128681174;128681139;128682723;128684619;128683263;128683263;128683263;128683403;128683403;128683403;128684619;128684619;128684619;128688719;128687454;128687454;128687454;128688719;128688719;128688719;128691645;128690977;128690977;128690977;128692254;128692254;128692254;128692254;128693331;128693712;128693659;128696181	+;+;+;+;+;+;+;+;+;+;+;+;+;+;+;+;+;+;+;+;+;+;+;+;+;+;+;+;+;+;+;+;+;+;+;+;+;+;+;+;+;+;+;+;+;+;+;+;+;+;+;+;+;+;+;+;+;+;+;+;+;+	8395	1315	211	464	386	306	231	Tmem87b	protein_coding	96.471668	40.570401	37.606538	39.59467	28.613743	17.862273	1.2476208	-0.074130577	0.6767715	0.75090208	True	0.1	True	True	True	True	True	True	5-20%	True	CLIP top20%; abs(RNA_log2FC)<=0.5; TE_log2FC>=0.75	transmembrane_symbol
177	ENSMUSG00000025935.11	chr1;chr1;chr1;chr1;chr1;chr1;chr1;chr1;chr1;chr1;chr1;chr1;chr1;chr1;chr1;chr1;chr1;chr1;chr1	13634922;13639695;13640163;13642027;13642228;13646368;13646592;13648324;13648324;13648342;13649674;13649674;13649674;13649914;13649914;13651247;13651247;13659824;13659824	13636620;13639855;13640306;13642131;13642298;13646676;13646676;13648382;13648382;13648382;13649790;13649790;13649790;13650022;13650035;13651310;13651310;13660099;13660134	-;-;-;-;-;-;-;-;-;-;-;-;-;-;-;-;-;-;-	3162	1887	378	904	825	1191	988	Tram1	protein_coding	138.43501	72.680623	73.267911	84.625913	111.36918	76.397945	0.92862431	-0.20765407	0.54315191	0.75080598	True	0.1	True	True	True	True	True	True	5-20%	True	CLIP top20%; abs(RNA_log2FC)<=0.5; TE_log2FC>=0.75	other
